member_id,date,racks_am,racks_pm,gf,vegan,vgf,sales,pizza,notes,weather,aqi,witness_id
0,2015-01-13,18,19,0,0,0,11204.5,yum,First Day Back from Break,weather,0,1
0,2015-01-14,17,16,0,0,0,9749.4,yum,n/a,weather,0,1
0,2015-01-15,19,0,0,0,0,10521,yum,n/a,weather,0,1
0,2015-01-16,25,25,0,0,0,13990.75,yum,n/a,weather,0,1
0,2015-01-17,34,24,0,0,0,17441.45,yum,n/a,weather,0,1
0,2015-01-18,0,0,0,0,0,0,yum,n/a,weather,0,1
0,2015-01-19,0,0,0,0,0,0,yum,n/a,weather,0,1
0,2015-01-20,11,13,0,0,0,7197,yum,n/a,weather,0,1
0,2015-01-21,14.5,14.5,0,0,0,8355.7,yum,n/a,weather,0,1
0,2015-01-22,19,18.5,0,0,0,10939,yum,n/a,weather,0,1
0,2015-01-23,24,18,0,0,0,11392.25,yum,n/a,weather,0,1
0,2015-01-24,34,26,0,0,0,17440.35,yum,n/a,weather,0,1
0,2015-01-25,0,0,0,0,0,0,yum,n/a,weather,0,1
0,2015-01-26,0,0,0,0,0,0,yum,n/a,weather,0,1
0,2015-01-27,16,12,0,0,0,8390,yum,n/a,weather,0,1
0,2015-01-28,13.5,13.5,0,0,0,7917,yum,n/a,weather,0,1
0,2015-01-29,16,14,0,0,0,9405.7,yum,n/a,weather,0,1
0,2015-01-30,24,22.75,0,0,0,12834.5,yum,n/a,weather,0,1
0,2015-01-31,35,29,0,0,0,18523.25,yum,n/a,weather,0,1
0,2015-02-01,16,0,0,0,0,8194.31,yum,SuperBowl,weather,0,1
0,2015-02-02,0,0,0,0,0,0,yum,n/a,weather,0,1
0,2015-02-03,15,14,0,0,0,8596.5,yum,n/a,weather,0,1
0,2015-02-04,16,8,0,0,0,6006.54,yum,Plumbing,weather,0,1
0,2015-02-05,16,15.5,0,0,0,9079.35,yum,n/a,weather,0,1
0,2015-02-06,18,17,0,0,0,9357.25,yum,n/a,weather,0,1
0,2015-02-07,31.5,23,0,0,0,18523.25,yum,n/a,weather,0,1
0,2015-02-08,0,0,0,0,0,0,yum,n/a,weather,0,1
0,2015-02-09,0,0,0,0,0,0,yum,n/a,weather,0,1
0,2015-02-10,14.5,13,0,0,0,8324.43,yum,n/a,weather,0,1
0,2015-02-11,14,15,0,0,0,8527.6,yum,n/a,weather,0,1
0,2015-02-12,14,14,0,0,0,8807,yum,n/a,weather,0,1
0,2015-02-13,24.5,23,0,0,0,13558.25,yum,n/a,weather,0,1
0,2015-02-14,37,29,0,0,0,21514.85,yum,n/a,weather,0,1
0,2015-02-15,0,0,0,0,0,0,yum,n/a,weather,0,1
0,2015-02-16,0,0,0,0,0,0,yum,n/a,weather,0,1
0,2015-02-17,14,11.5,0,0,0,7599.96,yum,n/a,weather,0,1
0,2015-02-18,13.5,16.5,0,0,0,3661,yum,n/a,weather,0,1
0,2015-02-19,13,17.5,0,0,0,8470.25,yum,n/a,weather,0,1
0,2015-02-20,22.5,23.75,0,0,0,14237.75,yum,n/a,weather,0,1
0,2015-02-21,36,24.5,0,0,0,17044.25,yum,n/a,weather,0,1
0,2015-02-22,0,0,0,0,0,0,yum,n/a,weather,0,1
0,2015-02-23,0,0,0,0,0,0,yum,n/a,weather,0,1
0,2015-02-24,13,17.5,0,0,0,6963.8,yum,n/a,weather,0,1
0,2015-02-25,15.5,15,0,0,0,0,yum,n/a,weather,0,1
0,2015-02-26,18,18,0,0,0,10175.5,yum,n/a,weather,0,1
0,2015-02-27,24,25,0,0,0,13897.25,yum,n/a,weather,0,1
0,2015-02-28,36,27.5,0,0,0,18323.5,yum,n/a,weather,0,1
0,2015-03-01,0,0,0,0,0,0,yum,n/a,weather,0,1
0,2015-03-02,0,0,0,0,0,0,yum,n/a,weather,0,1
0,2015-03-03,13.5,14,0,0,0,8628.65,yum,n/a,weather,0,1
0,2015-03-04,15,14.5,0,0,0,9186,yum,n/a,weather,0,1
0,2015-03-05,19,15.5,0,0,0,11060.75,yum,n/a,weather,0,1
0,2015-03-06,23,28,0,0,0,14132.03,yum,n/a,weather,0,1
0,2015-03-07,32,22.5,0,0,0,16278.1,yum,n/a,weather,0,1
0,2015-03-08,0,0,0,0,0,0,yum,n/a,weather,0,1
0,2015-03-09,0,0,0,0,0,0,yum,n/a,weather,0,1
0,2015-03-10,15,14,0,0,0,8507.25,yum,n/a,weather,0,1
0,2015-03-11,15,18.5,0,0,0,9186.27,yum,n/a,weather,0,1
0,2015-03-12,16,20,0,0,0,11985.21,yum,n/a,weather,0,1
0,2015-03-13,24,25.25,0,0,0,13724.6,yum,n/a,weather,0,1
0,2015-03-14,33.2,26,0,0,0,18373.55,yum,n/a,weather,0,1
0,2015-03-15,0,0,0,0,0,0,yum,n/a,weather,0,1
0,2015-03-16,0,0,0,0,0,0,yum,n/a,weather,0,1
0,2015-03-17,17,16,0,0,0,9384.75,yum,n/a,weather,0,1
0,2015-03-18,16.5,18.5,0,0,0,11546.8,yum,n/a,weather,0,1
0,2015-03-19,17,21.5,0,0,0,13301.75,yum,n/a,weather,0,1
0,2015-03-20,26,28,0,0,0,14653.25,yum,n/a,weather,0,1
0,2015-03-21,32,24,0,0,0,17441.75,yum,n/a,weather,0,1
0,2015-03-22,0,0,0,0,0,0,yum,n/a,weather,0,1
0,2015-03-23,0,0,0,0,0,0,yum,n/a,weather,0,1
0,2015-03-24,15.5,14.5,0,0,0,8760.67,yum,n/a,weather,0,1
0,2015-03-25,18.5,19.5,0,0,0,0,yum,n/a,weather,0,1
0,2015-03-26,18.5,21,0,0,0,12316.57,yum,n/a,weather,0,1
0,2015-03-27,25.5,24.5,0,0,0,15100,yum,n/a,weather,0,1
0,2015-03-28,31,23,0,0,0,17025.61,yum,n/a,weather,0,1
0,2015-03-29,0,0,0,0,0,0,yum,n/a,weather,0,1
0,2015-03-30,0,0,0,0,0,0,yum,n/a,weather,0,1
0,2015-03-31,18.5,19,0,0,0,10570.25,yum,n/a,weather,0,1
0,2015-04-01,16,17.5,0,0,0,10500,yum,n/a,weather,0,1
0,2015-04-02,16,16,0,0,0,10492.66,yum,n/a,weather,0,1
0,2015-04-03,27.5,24.5,0,0,0,15298.75,yum,n/a,weather,0,1
0,2015-04-04,32,23,0,0,0,17155.85,yum,n/a,weather,0,1
0,2015-04-05,0,0,0,0,0,0,yum,n/a,weather,0,1
0,2015-04-06,0,0,0,0,0,0,yum,n/a,weather,0,1
0,2015-04-07,13,16,0,0,0,8220,yum,n/a,weather,0,1
0,2015-04-08,17.5,15.5,0,0,0,9758.85,yum,n/a,weather,0,1
0,2015-04-09,19,19,0,0,0,11250.9,yum,n/a,weather,0,1
0,2015-04-10,25,22.5,0,0,0,13461.35,yum,n/a,weather,0,1
0,2015-04-11,29.5,26.5,0,0,0,1785.15,yum,n/a,weather,0,1
0,2015-04-12,15,14,0,0,0,8593.12,yum,n/a,weather,0,1
0,2015-04-13,16,18,0,0,0,10512.25,yum,n/a,weather,0,1
0,2015-04-14,15,14,0,0,0,8593.12,yum,n/a,weather,0,1
0,2015-04-15,16,18,0,0,0,10512.25,yum,n/a,weather,0,1
0,2015-04-16,14,19,0,0,0,10535.18,yum,n/a,weather,0,1
0,2015-04-17,24,25,0,0,0,14999.75,yum,n/a,weather,0,1
0,2015-04-18,27.5,22,0,0,0,15017.58,yum,n/a,weather,0,1
0,2015-04-19,0,0,0,0,0,0,yum,n/a,weather,0,1
0,2015-04-20,0,0,0,0,0,0,yum,n/a,weather,0,1
0,2015-04-21,14,16,0,0,0,8662,yum,n/a,weather,0,1
0,2015-04-22,16,13,0,0,0,8797.6,yum,n/a,weather,0,1
0,2015-04-23,17,19,0,0,0,10819.84,yum,n/a,weather,0,1
0,2015-04-24,25,24,0,0,0,13682.75,yum,n/a,weather,0,1
0,2015-04-25,34,27,0,0,0,18707.25,yum,n/a,weather,0,1
0,2015-04-26,0,0,0,0,0,0,yum,n/a,weather,0,1
0,2015-04-27,0,0,0,0,0,0,yum,n/a,weather,0,1
0,2015-04-28,15,16.5,0,0,0,9373.25,yum,n/a,weather,0,1
0,2015-04-29,18,17.5,0,0,0,10017,yum,n/a,weather,0,1
0,2015-04-30,16,18.5,0,0,0,10557.76,yum,n/a,weather,0,1
0,2015-05-01,0,0,0,0,0,0,yum,May Day,weather,0,1
0,2015-05-02,42,33.5,0,0,0,21905.1,yum,First Corn,weather,0,1
0,2015-05-03,0,0,0,0,0,0,yum,n/a,weather,0,1
0,2015-05-04,0,0,0,0,0,0,yum,n/a,weather,0,1
0,2015-05-05,15,15.5,0,0,0,8158.25,yum,n/a,weather,0,1
0,2015-05-06,14,16.5,0,0,0,9125,yum,n/a,weather,0,1
0,2015-05-07,17,17,0,0,0,9564.25,yum,n/a,weather,0,1
0,2015-05-08,25,30,0,0,0,15603,yum,n/a,weather,0,1
0,2015-05-09,32,21,0,0,0,16213.9,yum,Last Asparagus,weather,0,1
0,2015-05-10,0,0,0,0,0,0,yum,n/a,weather,0,1
0,2015-05-11,0,0,0,0,0,0,yum,n/a,weather,0,1
0,2015-05-12,16,18,0,0,0,11235.95,yum,n/a,weather,0,1
0,2015-05-13,15,18.5,0,0,0,10325.47,yum,n/a,weather,0,1
0,2015-05-14,21,19,0,0,0,12371.88,yum,n/a,weather,0,1
0,2015-05-15,28,26.5,0,0,0,16692.6,yum,n/a,weather,0,1
0,2015-05-16,35,24,0,0,0,19296.25,yum,n/a,weather,0,1
0,2015-05-17,0,0,0,0,0,0,yum,n/a,weather,0,1
0,2015-05-18,0,0,0,0,0,0,yum,n/a,weather,0,1
0,2015-05-19,17,20,0,0,0,11222.05,yum,n/a,weather,0,1
0,2015-05-20,15,16,0,0,0,10105.85,yum,n/a,weather,0,1
0,2015-05-21,17.5,20.5,0,0,0,11254,yum,n/a,weather,0,1
0,2015-05-22,25,25,0,0,0,14758.5,yum,n/a,weather,0,1
0,2015-05-23,38,34,0,0,0,20520.7,yum,n/a,weather,0,1
0,2015-05-24,0,0,0,0,0,0,yum,n/a,weather,0,1
0,2015-05-25,0,0,0,0,0,0,yum,Memorial Day,weather,0,1
0,2015-05-26,16,17,0,0,0,9380.25,yum,n/a,weather,0,1
0,2015-05-27,16,16.5,0,0,0,9688.75,yum,n/a,weather,0,1
0,2015-05-28,17.5,16.5,0,0,0,10619.25,yum,n/a,weather,0,1
0,2015-05-29,29,27.5,0,0,0,16319.55,yum,n/a,weather,0,1
0,2015-05-30,30.5,22.5,0,0,0,16115.25,yum,n/a,weather,0,1
0,2015-05-31,0,0,0,0,0,0,yum,n/a,weather,0,1
0,2015-06-01,0,0,0,0,0,0,yum,n/a,weather,0,1
0,2015-06-02,14,16,0,0,0,9556,yum,n/a,weather,0,1
0,2015-06-03,14,14,0,0,0,8395,yum,n/a,weather,0,1
0,2015-06-04,22.5,25,0,0,0,13655,yum,n/a,weather,0,1
0,2015-06-05,23,18,0,0,0,11850.35,yum,n/a,weather,0,1
0,2015-06-06,32,21,0,0,0,16561,yum,n/a,weather,0,1
0,2015-06-07,0,0,0,0,0,0,yum,n/a,weather,0,1
0,2015-06-08,0,0,0,0,0,0,yum,n/a,weather,0,1
0,2015-06-09,19,14,0,0,0,9780,yum,n/a,weather,0,1
0,2015-06-10,18.5,18,0,0,0,10666.7,yum,n/a,weather,0,1
0,2015-06-11,21,22,0,0,0,11987,yum,n/a,weather,0,1
0,2015-06-12,26,20,0,0,0,13497,yum,n/a,weather,0,1
0,2015-06-13,27,20,0,0,0,14615,yum,n/a,weather,0,1
0,2015-06-14,0,0,0,0,0,0,yum,n/a,weather,0,1
0,2015-06-15,0,0,0,0,0,0,yum,n/a,weather,0,1
0,2015-06-16,20,21,0,0,0,11910,yum,NBA FINAL G6,weather,0,1
0,2015-06-17,18,14.5,0,0,0,9895.85,yum,n/a,weather,0,1
0,2015-06-18,20,19,0,0,0,11270.4,yum,n/a,weather,0,1
0,2015-06-19,28,25,0,0,0,15253,yum,n/a,weather,0,1
0,2015-06-20,31,26,0,0,0,17500.65,yum,n/a,weather,0,1
0,2015-06-21,0,0,0,0,0,0,yum,n/a,weather,0,1
0,2015-06-22,0,0,0,0,0,0,yum,n/a,weather,0,1
0,2015-06-23,18,17.5,0,0,0,10843.23,yum,n/a,weather,0,1
0,2015-06-24,13.5,16,0,0,0,9577.39,yum,n/a,weather,0,1
0,2015-06-25,18,16,0,0,0,11395.9,yum,n/a,weather,0,1
0,2015-06-26,25,22.5,0,0,0,13990.4,yum,n/a,weather,0,1
0,2015-06-27,30,24,0,0,0,16885.05,yum,n/a,weather,0,1
0,2015-06-28,0,0,0,0,0,0,yum,n/a,weather,0,1
0,2015-06-29,0,0,0,0,0,0,yum,n/a,weather,0,1
0,2015-06-30,0,0,0,0,0,0,yum,n/a,weather,0,1
0,2015-07-01,20,17,0,0,0,11160.45,yum,n/a,weather,0,1
0,2015-07-02,19,22,0,0,0,11363.95,yum,n/a,weather,0,1
0,2015-07-03,37.5,25.5,0,0,0,18437.35,yum,n/a,weather,0,1
0,2015-07-04,22,0,0,0,0,8066.87,yum,4th of July. Lunch Only,weather,0,1
0,2015-07-05,0,0,0,0,0,0,yum,n/a,weather,0,1
0,2015-07-06,0,0,0,0,0,0,yum,n/a,weather,0,1
0,2015-07-07,15,18,0,0,0,10032.7,yum,n/a,weather,0,1
0,2015-07-08,16,16,0,0,0,9934.55,yum,n/a,weather,0,1
0,2015-07-09,23,22.5,0,0,0,12919.4,yum,n/a,weather,0,1
0,2015-07-10,29.5,27.5,0,0,0,16062.25,yum,n/a,weather,0,1
0,2015-07-11,33.5,23.5,0,0,0,17679.31,yum,n/a,weather,0,1
0,2015-07-12,0,0,0,0,0,0,yum,n/a,weather,0,1
0,2015-07-13,0,0,0,0,0,0,yum,n/a,weather,0,1
0,2015-07-14,19.5,16.5,0,0,0,10316.75,yum,n/a,weather,0,1
0,2015-07-15,16,16.5,0,0,0,10130.8,yum,n/a,weather,0,1
0,2015-07-16,18,18.5,0,0,0,11892.29,yum,n/a,weather,0,1
0,2015-07-17,27,26,0,0,0,16455.9,yum,n/a,weather,0,1
0,2015-07-18,29,21,0,0,0,17598.2,yum,n/a,weather,0,1
0,2015-07-19,0,0,0,0,0,0,yum,n/a,weather,0,1
0,2015-07-20,0,0,0,0,0,0,yum,n/a,weather,0,1
0,2015-07-21,16,14,0,0,0,9986.09,yum,n/a,weather,0,1
0,2015-07-22,20,16,0,0,0,10917.85,yum,n/a,weather,0,1
0,2015-07-23,19,20,0,0,0,12062,yum,n/a,weather,0,1
0,2015-07-24,25,21,0,0,0,14199.85,yum,n/a,weather,0,1
0,2015-07-25,35,31,0,0,0,19881.35,yum,n/a,weather,0,1
0,2015-07-26,0,0,0,0,0,0,yum,n/a,weather,0,1
0,2015-07-27,0,0,0,0,0,0,yum,n/a,weather,0,1
0,2015-07-28,17,21,0,0,0,11834.5,yum,n/a,weather,0,1
0,2015-07-29,18,18.5,0,0,0,12639.15,yum,n/a,weather,0,1
0,2015-07-30,19,19,0,0,0,11.637,yum,n/a,weather,0,1
0,2015-07-31,30.25,28.5,0,0,0,17347.75,yum,n/a,weather,0,1
0,2015-08-01,37.5,26,0,0,0,17947.44,yum,n/a,weather,0,1
0,2015-08-02,0,0,0,0,0,0,yum,n/a,weather,0,1
0,2015-08-03,0,0,0,0,0,0,yum,n/a,weather,0,1
0,2015-08-04,0,0,0,0,0,0,yum,n/a,weather,0,1
0,2015-08-05,0,0,0,0,0,0,yum,n/a,weather,0,1
0,2015-08-06,0,0,0,0,0,0,yum,n/a,weather,0,1
0,2015-08-07,0,0,0,0,0,0,yum,n/a,weather,0,1
0,2015-08-08,0,0,0,0,0,0,yum,n/a,weather,0,1
0,2015-08-09,0,0,0,0,0,0,yum,n/a,weather,0,1
0,2015-08-10,0,0,0,0,0,0,yum,n/a,weather,0,1
0,2015-08-11,20,20,0,0,0,12934.7,yum,n/a,weather,0,1
0,2015-08-12,23,22,0,0,0,13734.75,yum,n/a,weather,0,1
0,2015-08-13,20,18,0,0,0,11674.92,yum,n/a,weather,0,1
0,2015-08-14,29,28,0,0,0,17081.9,yum,n/a,weather,0,1
0,2015-08-15,31.5,24.5,0,0,0,18623.11,yum,Indian Independence Day,weather,0,1
0,2015-08-16,0,0,0,0,0,0,yum,n/a,weather,0,1
0,2015-08-17,0,0,0,0,0,0,yum,n/a,weather,0,1
0,2015-08-18,18,17,0,0,0,10908.64,yum,n/a,weather,0,1
0,2015-08-19,16,17,0,0,0,10693.5,yum,n/a,weather,0,1
0,2015-08-20,20,17.5,0,0,0,10774.25,yum,n/a,weather,0,1
0,2015-08-21,33,27,0,0,0,17081.9,yum,n/a,weather,0,1
0,2015-08-22,37,30,0,0,0,20791.55,yum,n/a,weather,0,1
0,2015-08-23,0,0,0,0,0,0,yum,n/a,weather,0,1
0,2015-08-24,0,0,0,0,0,0,yum,n/a,weather,0,1
0,2015-08-25,16,19,0,0,0,10516,yum,n/a,weather,0,1
0,2015-08-26,17,17,0,0,0,11360.4,yum,n/a,weather,0,1
0,2015-08-27,18.5,19,0,0,0,11945.75,yum,n/a,weather,0,1
0,2015-08-28,29,24,0,0,0,14318.5,yum,n/a,weather,0,1
0,2015-08-29,35.5,30,0,0,0,20076.75,yum,Cal Move In,weather,0,1
0,2015-08-30,0,0,0,0,0,0,yum,n/a,weather,0,1
0,2015-08-31,0,0,0,0,0,0,yum,n/a,weather,0,1
0,2015-09-01,16,17,0,0,0,10333.25,yum,n/a,weather,0,1
0,2015-09-02,14.5,16.5,0,0,0,9467.01,yum,n/a,weather,0,1
0,2015-09-03,17,19,0,0,0,10560,yum,n/a,weather,0,1
0,2015-09-04,27.5,29.5,0,0,0,17263.08,yum,n/a,weather,0,1
0,2015-09-05,34,29,0,0,0,18885.4,yum,n/a,weather,0,1
0,2015-09-06,0,0,0,0,0,0,yum,n/a,weather,0,1
0,2015-09-07,0,0,0,0,0,0,yum,n/a,weather,0,1
0,2015-09-08,8,10,0,0,0,7539.85,yum,hot day,weather,0,1
0,2015-09-09,17,16,0,0,0,0,yum,n/a,weather,0,1
0,2015-09-10,14,14.5,0,0,0,8892.54,yum,n/a,weather,0,1
0,2015-09-11,23,26.5,0,0,0,14760.75,yum,n/a,weather,0,1
0,2015-09-12,30,20,0,0,0,15485.10,yum,n/a,weather,0,1
0,2015-09-13,0,0,0,0,0,0,yum,n/a,weather,0,1
0,2015-09-14,0,0,0,0,0,0,yum,n/a,weather,0,1
0,2015-09-15,15,18,0,0,0,9882,yum,n/a,weather,0,1
0,2015-09-16,14,14.5,0,0,0,8665,yum,n/a,weather,0,1
0,2015-09-17,20,17,0,0,0,10829,yum,n/a,weather,0,1
0,2015-09-18,25.5,25.5,0,0,0,14787,yum,n/a,weather,0,1
0,2015-09-19,29,26,0,0,0,16760,yum,n/a,weather,0,1
0,2015-09-20,0,0,0,0,0,0,yum,n/a,weather,0,1
0,2015-09-21,0,0,0,0,0,0,yum,n/a,weather,0,1
0,2015-09-22,13,16,0,0,0,9021,yum,n/a,weather,0,1
0,2015-09-23,17,17,0,0,0,10232.8,yum,n/a,weather,0,1
0,2015-09-24,18,21,0,0,0,12014,yum,n/a,weather,0,1
0,2015-09-25,24,24,0,0,0,13583.9,yum,n/a,weather,0,1
0,2015-09-26,36,24,0,0,0,17298.35,yum,n/a,weather,0,1
0,2015-09-27,0,0,0,0,0,0,yum,n/a,weather,0,1
0,2015-09-28,0,0,0,0,0,0,yum,n/a,weather,0,1
0,2015-09-29,15,16,0,0,0,10177.1,yum,n/a,weather,0,1
0,2015-09-30,14,15.5,0,0,0,9551.01,yum,n/a,weather,0,1
0,2015-10-01,16,17.5,0,0,0,9944.25,yum,n/a,weather,0,1
0,2015-10-02,25,26,0,0,0,15037.51,yum,n/a,weather,0,1
0,2015-10-03,27,24,0,0,0,16701.5,yum,n/a,weather,0,1
0,2015-10-04,0,0,0,0,0,0,yum,n/a,weather,0,1
0,2015-10-05,0,0,0,0,0,0,yum,n/a,weather,0,1
0,2015-10-06,14.5,16.5,0,0,0,9182.1,yum,n/a,weather,0,1
0,2015-10-07,14.5,16.5,0,0,0,9599.75,yum,n/a,weather,0,1
0,2015-10-08,16,15,0,0,0,9463.75,yum,n/a,weather,0,1
0,2015-10-09,24,27,0,0,0,15217,yum,n/a,weather,0,1
0,2015-10-10,35,28,0,0,0,18262,yum,n/a,weather,0,1
0,2015-10-11,0,0,0,0,0,0,yum,n/a,weather,0,1
0,2015-10-12,0,0,0,0,0,0,yum,n/a,weather,0,1
0,2015-10-13,14,16,0,0,0,9219.51,yum,n/a,weather,0,1
0,2015-10-14,15.5,15,0,0,0,9400,yum,n/a,weather,0,1
0,2015-10-15,14,21,0,0,0,10197,yum,n/a,weather,0,1
0,2015-10-16,25.5,26.5,0,0,0,15908,yum,n/a,weather,0,1
0,2015-10-17,35,25,0,0,0,17272,yum,n/a,weather,0,1
0,2015-10-18,0,0,0,0,0,0,yum,n/a,weather,0,1
0,2015-10-19,0,0,0,0,0,0,yum,n/a,weather,0,1
0,2015-10-20,15.5,15.5,0,0,0,9445.11,yum,n/a,weather,0,1
0,2015-10-21,15,14,0,0,0,8387.9,yum,n/a,weather,0,1
0,2015-10-22,16,17.5,0,0,0,9736,yum,n/a,weather,0,1
0,2015-10-23,24.5,26,0,0,0,14975.7,yum,n/a,weather,0,1
0,2015-10-24,39,33,0,0,0,20389,yum,Last Corn,weather,0,1
0,2015-10-25,0,0,0,0,0,0,yum,n/a,weather,0,1
0,2015-10-26,0,0,0,0,0,0,yum,n/a,weather,0,1
0,2015-10-27,13.5,13,0,0,0,7949,yum,n/a,weather,0,1
0,2015-10-28,14,15.5,0,0,0,8390.5,yum,n/a,weather,0,1
0,2015-10-29,16,17.75,0,0,0,10113.9,yum,n/a,weather,0,1
0,2015-10-30,28,27,0,0,0,15705.95,yum,n/a,weather,0,1
0,2015-10-31,32.5,27,0,0,0,17238.12,yum,Halloween,weather,0,1
0,2015-11-01,0,0,0,0,0,0,yum,n/a,weather,0,1
0,2015-11-02,0,0,0,0,0,0,yum,n/a,weather,0,1
0,2015-11-03,13.5,14,0,0,0,8410.5,yum,n/a,weather,0,1
0,2015-11-04,15.5,14.5,0,0,0,8919.25,yum,n/a,weather,0,1
0,2015-11-05,16,15,0,0,0,8439,yum,n/a,weather,0,1
0,2015-11-06,27,18,0,0,0,13973.51,yum,n/a,weather,0,1
0,2015-11-07,29.5,23,0,0,0,15072,yum,n/a,weather,0,1
0,2015-11-08,0,0,0,0,0,0,yum,n/a,weather,0,1
0,2015-11-09,0,0,0,0,0,0,yum,n/a,weather,0,1
0,2015-11-10,14,15,0,0,0,8253.75,yum,n/a,weather,0,1
0,2015-11-11,21,14,0,0,0,10819.3,yum,Veterns Day,weather,0,1
0,2015-11-12,15.5,17,0,0,0,9228,yum,n/a,weather,0,1
0,2015-11-13,23,22.75,0,0,0,13783,yum,n/a,weather,0,1
0,2015-11-14,32.5,24.5,0,0,0,16657.85,yum,n/a,weather,0,1
0,2015-11-15,0,0,0,0,0,0,yum,n/a,weather,0,1
0,2015-11-16,0,0,0,0,0,0,yum,n/a,weather,0,1
0,2015-11-17,17.5,12.5,0,0,0,9152,yum,n/a,weather,0,1
0,2015-11-18,13,15.5,0,0,0,9105,yum,n/a,weather,0,1
0,2015-11-19,16,15.5,0,0,0,9292.8,yum,n/a,weather,0,1
0,2015-11-20,21,20,0,0,0,11530,yum,n/a,weather,0,1
0,2015-11-21,34,27,0,0,0,17594,yum,n/a,weather,0,1
0,2015-11-22,0,0,0,0,0,0,yum,n/a,weather,0,1
0,2015-11-23,0,0,0,0,0,0,yum,n/a,weather,0,1
0,2015-11-24,21.5,32,0,0,0,12083,yum,n/a,weather,0,1
0,2015-11-25,95,0,0,0,0,23500,yum,n/a,weather,0,1
0,2015-11-26,0,0,0,0,0,0,yum,Thanksgiving,weather,0,1
0,2015-11-27,0,0,0,0,0,0,yum,n/a,weather,0,1
0,2015-11-28,0,0,0,0,0,0,yum,n/a,weather,0,1
0,2015-11-29,0,0,0,0,0,0,yum,n/a,weather,0,1
0,2015-11-30,0,0,0,0,0,0,yum,n/a,weather,0,1
0,2015-12-01,15,16,0,0,0,8741,yum,n/a,weather,0,1
0,2015-12-02,14,14,0,0,0,8145,yum,n/a,weather,0,1
0,2015-12-03,15,16,0,0,0,7765,yum,n/a,weather,0,1
0,2015-12-04,24.5,22.5,0,0,0,14440,yum,n/a,weather,0,1
0,2015-12-05,28,19,0,0,0,14586,yum,n/a,weather,0,1
0,2015-12-06,0,0,0,0,0,0,yum,n/a,weather,0,1
0,2015-12-07,0,0,0,0,0,0,yum,n/a,weather,0,1
0,2015-12-08,14.5,15.5,0,0,0,8725.85,yum,n/a,weather,0,1
0,2015-12-09,15.5,14.75,0,0,0,8732.65,yum,n/a,weather,0,1
0,2015-12-10,16,13,0,0,0,8568.5,yum,n/a,weather,0,1
0,2015-12-11,21.5,18,0,0,0,10977,yum,n/a,weather,0,1
0,2015-12-12,29,23.5,0,0,0,15121,yum,n/a,weather,0,1
0,2015-12-13,0,0,0,0,0,0,yum,n/a,weather,0,1
0,2015-12-14,0,0,0,0,0,0,yum,n/a,weather,0,1
0,2015-12-15,16.5,15,0,0,0,8843,yum,n/a,weather,0,1
0,2015-12-16,17,16,0,0,0,9847,yum,n/a,weather,0,1
0,2015-12-17,18.5,15.5,0,0,0,9957,yum,n/a,weather,0,1
0,2015-12-18,23,17,0,0,0,10424,yum,n/a,weather,0,1
0,2015-12-19,35,25,0,0,0,17359,yum,n/a,weather,0,1
0,2015-12-20,0,0,0,0,0,0,yum,n/a,weather,0,1
0,2015-12-21,0,0,0,0,0,0,yum,n/a,weather,0,1
0,2015-12-22,26,18,0,0,0,11876,yum,n/a,weather,0,1
0,2015-12-23,24,17,0,0,0,12546,yum,n/a,weather,0,1
0,2015-12-24,30,0,0,0,0,8150,yum,n/a,weather,0,1
0,2015-12-25,0,0,0,0,0,0,yum,n/a,weather,0,1
0,2015-12-26,0,0,0,0,0,0,yum,n/a,weather,0,1
0,2015-12-27,0,0,0,0,0,0,yum,n/a,weather,0,1
0,2015-12-28,0,0,0,0,0,0,yum,n/a,weather,0,1
0,2015-12-29,30,18,0,0,0,14033,yum,n/a,weather,0,1
0,2015-12-30,26.5,15.5,0,0,0,11608,yum,n/a,weather,0,1
0,2015-12-31,44,0,0,0,0,9732.5,yum,New Years Eve,weather,0,1
0,2016-01-01,0,0,0,0,0,0,yum,n/a,weather,0,1
0,2016-01-02,0,0,0,0,0,0,yum,n/a,weather,0,1
0,2016-01-03,0,0,0,0,0,0,yum,n/a,weather,0,1
0,2016-01-04,0,0,0,0,0,0,yum,n/a,weather,0,1
0,2016-01-05,0,0,0,0,0,0,yum,n/a,weather,0,1
0,2016-01-06,0,0,0,0,0,0,yum,n/a,weather,0,1
0,2016-01-07,0,0,0,0,0,0,yum,n/a,weather,0,1
0,2016-01-08,0,0,0,0,0,0,yum,n/a,weather,0,1
0,2016-01-09,0,0,0,0,0,0,yum,n/a,weather,0,1
0,2016-01-10,0,0,0,0,0,0,yum,n/a,weather,0,1
0,2016-01-11,0,0,0,0,0,0,yum,n/a,weather,0,1
0,2016-01-12,19,18,0,0,0,10686,yum,n/a,weather,0,1
0,2016-01-13,18,17,0,0,0,9753,yum,n/a,weather,0,1
0,2016-01-14,19.5,16.25,0,0,0,10026.9,yum,n/a,weather,0,1
0,2016-01-15,23.5,23,0,0,0,13020.5,yum,n/a,weather,0,1
0,2016-01-16,35,22.5,0,0,0,16551,yum,n/a,weather,0,1
0,2016-01-17,0,0,0,0,0,0,yum,n/a,weather,0,1
0,2016-01-18,0,0,0,0,0,0,yum,n/a,weather,0,1
0,2016-01-19,14,13,0,0,0,7703,yum,n/a,weather,0,1
0,2016-01-20,16,13.5,0,0,0,8822,yum,n/a,weather,0,1
0,2016-01-21,16,15,0,0,0,8158,yum,n/a,weather,0,1
0,2016-01-22,22,18,0,0,0,11115,yum,n/a,weather,0,1
0,2016-01-23,32.5,26,0,0,0,16327,yum,n/a,weather,0,1
0,2016-01-24,0,0,0,0,0,0,yum,n/a,weather,0,1
0,2016-01-25,0,0,0,0,0,0,yum,n/a,weather,0,1
0,2016-01-26,15,14,0,0,0,8566,yum,n/a,weather,0,1
0,2016-01-27,17,15,0,0,0,9004,yum,n/a,weather,0,1
0,2016-01-28,20,18,0,0,0,10550,yum,n/a,weather,0,1
0,2016-01-29,23,20,0,0,0,12179,yum,n/a,weather,0,1
0,2016-01-30,33,23.5,0,0,0,17719,yum,n/a,weather,0,1
0,2016-01-31,0,0,0,0,0,0,yum,n/a,weather,0,1
0,2016-02-01,0,0,0,0,0,0,yum,n/a,weather,0,1
0,2016-02-02,13,15,0,0,0,8200,yum,n/a,weather,0,1
0,2016-02-03,15.5,13,0,0,0,8548.95,yum,n/a,weather,0,1
0,2016-02-04,14,17,0,0,0,8083.75,yum,n/a,weather,0,1
0,2016-02-05,27,22.5,0,0,0,14583,yum,n/a,weather,0,1
0,2016-02-06,39,21,0,0,0,16762,yum,n/a,weather,0,1
0,2016-02-07,0,0,0,0,0,0,yum,n/a,weather,0,1
0,2016-02-08,0,0,0,0,0,0,yum,n/a,weather,0,1
0,2016-02-09,15,13.5,0,0,0,8650,yum,n/a,weather,0,1
0,2016-02-10,13,14,0,0,0,8468,yum,n/a,weather,0,1
0,2016-02-11,18,17,0,0,0,10497,yum,n/a,weather,0,1
0,2016-02-12,24,25,0,0,0,15826,yum,n/a,weather,0,1
0,2016-02-13,40,27,0,0,0,22241,yum,Day after Yelp & SF Chronicle,weather,0,1
0,2016-02-14,0,0,0,0,0,0,yum,n/a,weather,0,1
0,2016-02-15,0,0,0,0,0,0,yum,n/a,weather,0,1
0,2016-02-16,17,13.5,0,0,0,9647,yum,n/a,weather,0,1
0,2016-02-17,0,0,0,0,0,0,yum,n/a,weather,0,1
0,2016-02-18,17,16.5,0,0,0,10552,yum,n/a,weather,0,1
0,2016-02-19,23.5,20,0,0,0,12586,yum,n/a,weather,0,1
0,2016-02-20,31.5,25.5,0,0,0,17349,yum,n/a,weather,0,1
0,2016-02-21,0,0,0,0,0,0,yum,n/a,weather,0,1
0,2016-02-22,0,0,0,0,0,0,yum,n/a,weather,0,1
0,2016-02-23,17,15.5,0,0,0,10850,yum,n/a,weather,0,1
0,2016-02-24,19.5,18,0,0,0,10415,yum,n/a,weather,0,1
0,2016-02-25,17.5,18,0,0,0,11732,yum,n/a,weather,0,1
0,2016-02-26,28,27.5,0,0,0,0,yum,n/a,weather,0,1
0,2016-02-27,37,27,0,0,0,18661,yum,n/a,weather,0,1
0,2016-02-28,0,0,0,0,0,0,yum,n/a,weather,0,1
0,2016-02-29,0,0,0,0,0,0,yum,n/a,weather,0,1
0,2016-03-01,13.5,16,0,0,0,10034.96,yum,n/a,weather,0,1
0,2016-03-02,16,17.5,0,0,0,9883,yum,n/a,weather,0,1
0,2016-03-03,16,18,0,0,0,9359,yum,n/a,weather,0,1
0,2016-03-04,25,25,0,0,0,14288,yum,n/a,weather,0,1
0,2016-03-05,32,22,0,0,0,15229,yum,n/a,weather,0,1
0,2016-03-06,0,0,0,0,0,0,yum,n/a,weather,0,1
0,2016-03-07,0,0,0,0,0,0,yum,n/a,weather,0,1
0,2016-03-08,18,14.25,0,0,0,9552,yum,n/a,weather,0,1
0,2016-03-09,16,16,0,0,0,9896,yum,n/a,weather,0,1
0,2016-03-10,17,16,0,0,0,9761,yum,n/a,weather,0,1
0,2016-03-11,23,26,0,0,0,13720,yum,lots of rain,weather,0,1
0,2016-03-12,36,22.5,0,0,0,17214,yum,n/a,weather,0,1
0,2016-03-13,0,0,0,0,0,0,yum,n/a,weather,0,1
0,2016-03-14,0,0,0,0,0,0,yum,n/a,weather,0,1
0,2016-03-15,15.5,17,0,0,0,10365,yum,n/a,weather,0,1
0,2016-03-16,18.5,17.5,0,0,0,11396,yum,n/a,weather,0,1
0,2016-03-17,19.5,22.5,0,0,0,13080.9,yum,St Patrick's Day,weather,0,1
0,2016-03-18,27,31,0,0,0,16383,yum,n/a,weather,0,1
0,2016-03-19,35,27,0,0,0,19071,yum,n/a,weather,0,1
0,2016-03-20,0,0,0,0,0,0,yum,n/a,weather,0,1
0,2016-03-21,0,0,0,0,0,0,yum,n/a,weather,0,1
0,2016-03-22,19.5,21,0,0,0,12513,yum,n/a,weather,0,1
0,2016-03-23,22,16,0,0,0,12528,yum,n/a,weather,0,1
0,2016-03-24,20.5,20,0,0,0,12322,yum,n/a,weather,0,1
0,2016-03-25,30,26,0,0,0,15534,yum,Good Friday,weather,0,1
0,2016-03-26,36,26,0,0,0,19404,yum,n/a,weather,0,1
0,2016-03-27,0,0,0,0,0,0,yum,Easter,weather,0,1
0,2016-03-28,0,0,0,0,0,0,yum,n/a,weather,0,1
0,2016-03-29,20.5,18,0,0,0,11843,yum,n/a,weather,0,1
0,2016-03-30,20.5,17,0,0,0,11639,yum,n/a,weather,0,1
0,2016-03-31,19.5,18.5,0,0,0,11416,yum,n/a,weather,0,1
0,2016-04-01,25,20,0,0,0,16084,yum,Price Increase,weather,0,1
0,2016-04-02,33,27.5,0,0,0,20863,yum,n/a,weather,0,1
0,2016-04-03,0,0,0,0,0,0,yum,n/a,weather,0,1
0,2016-04-04,0,0,0,0,0,0,yum,n/a,weather,0,1
0,2016-04-05,16.5,15.5,0,0,0,11226,yum,n/a,weather,0,1
0,2016-04-06,17,18,0,0,0,12259,yum,n/a,weather,0,1
0,2016-04-07,16,18,0,0,0,11483,yum,n/a,weather,0,1
0,2016-04-08,24,23.5,0,0,0,15365,yum,n/a,weather,0,1
0,2016-04-09,32,21,0,0,0,16329,yum,n/a,weather,0,1
0,2016-04-10,0,0,0,0,0,0,yum,n/a,weather,0,1
0,2016-04-11,0,0,0,0,0,0,yum,n/a,weather,0,1
0,2016-04-12,14,14,0,0,0,9596,yum,n/a,weather,0,1
0,2016-04-13,18,16,0,0,0,11004,yum,n/a,weather,0,1
0,2016-04-14,19,18,0,0,0,13520,yum,n/a,weather,0,1
0,2016-04-15,24,24,0,0,0,15311,yum,n/a,weather,0,1
0,2016-04-16,33,26,0,0,0,20159,yum,n/a,weather,0,1
0,2016-04-17,0,0,0,0,0,0,yum,n/a,weather,0,1
0,2016-04-18,0,0,0,0,0,0,yum,n/a,weather,0,1
0,2016-04-19,13,0,0,0,0,4866,yum,Plumbing,weather,0,1
0,2016-04-20,15,17,0,0,0,11181,yum,n/a,weather,0,1
0,2016-04-21,19,18.5,0,0,0,11567,yum,n/a,weather,0,1
0,2016-04-22,26.5,23.5,0,0,0,14097,yum,n/a,weather,0,1
0,2016-04-23,35,26,0,0,0,21428,yum,n/a,weather,0,1
0,2016-04-24,0,0,0,0,0,0,yum,n/a,weather,0,1
0,2016-04-25,0,0,0,0,0,0,yum,n/a,weather,0,1
0,2016-04-26,14,15.5,0,0,0,11027,yum,n/a,weather,0,1
0,2016-04-27,15,16,0,0,0,10317,yum,n/a,weather,0,1
0,2016-04-28,18,18,0,0,0,12611,yum,n/a,weather,0,1
0,2016-04-29,37,30,0,0,0,16400,yum,n/a,weather,0,1
0,2016-04-30,30,27,0,0,0,19327,yum,n/a,weather,0,1
0,2016-05-01,0,0,0,0,0,0,yum,May Day,weather,0,1
0,2016-05-02,0,0,0,0,0,0,yum,n/a,weather,0,1
0,2016-05-03,15,16.5,0,0,0,11115,yum,n/a,weather,0,1
0,2016-05-04,19,19,0,0,0,11728,yum,n/a,weather,0,1
0,2016-05-05,16,15,0,0,0,10430,yum,n/a,weather,0,1
0,2016-05-06,23,20.5,0,0,0,13797,yum,n/a,weather,0,1
0,2016-05-07,44,35,0,0,0,24881.5,yum,First Corn,weather,0,1
0,2016-05-08,0,0,0,0,0,0,yum,n/a,weather,0,1
0,2016-05-09,0,0,0,0,0,0,yum,n/a,weather,0,1
0,2016-05-10,16,15,0,0,0,10848,yum,n/a,weather,0,1
0,2016-05-11,17,15.5,0,0,0,10282,yum,n/a,weather,0,1
0,2016-05-12,17.5,19.5,0,0,0,12343.52,yum,n/a,weather,0,1
0,2016-05-13,31,30,0,0,0,20524,yum,n/a,weather,0,1
0,2016-05-14,38,30,0,0,0,23947,yum,Cal Graduation,weather,0,1
0,2016-05-15,0,0,0,0,0,0,yum,n/a,weather,0,1
0,2016-05-16,0,0,0,0,0,0,yum,n/a,weather,0,1
0,2016-05-17,18.5,21,0,0,0,13178,yum,n/a,weather,0,1
0,2016-05-18,18,18.5,0,0,0,11992,yum,n/a,weather,0,1
0,2016-05-19,21.5,20,0,0,0,13739,yum,n/a,weather,0,1
0,2016-05-20,25.5,25.5,0,0,0,16677.9,yum,n/a,weather,0,1
0,2016-05-21,34.5,25,0,0,0,18819.5,yum,n/a,weather,0,1
0,2016-05-22,0,0,0,0,0,0,yum,n/a,weather,0,1
0,2016-05-23,0,0,0,0,0,0,yum,n/a,weather,0,1
0,2016-05-24,18,16,0,0,0,10708,yum,n/a,weather,0,1
0,2016-05-25,16.5,15,0,0,0,10469,yum,n/a,weather,0,1
0,2016-05-26,19,18.5,0,0,0,12148,yum,n/a,weather,0,1
0,2016-05-27,27.5,28,0,0,0,17818,yum,n/a,weather,0,1
0,2016-05-28,30,30,0,0,0,20857,yum,n/a,weather,0,1
0,2016-05-29,0,0,0,0,0,0,yum,n/a,weather,0,1
0,2016-05-30,0,0,0,0,0,0,yum,Memorial Day,weather,0,1
0,2016-05-31,17,16,0,0,0,11266,yum,n/a,weather,0,1
0,2016-06-01,18,14,0,0,0,11266,yum,n/a,weather,0,1
0,2016-06-02,18,17,0,0,0,11340,yum,n/a,weather,0,1
0,2016-06-03,24,26,0,0,0,16093,yum,n/a,weather,0,1
0,2016-06-04,32,24,0,0,0,18512,yum,n/a,weather,0,1
0,2016-06-05,0,0,0,0,0,0,yum,n/a,weather,0,1
0,2016-06-06,0,0,0,0,0,0,yum,n/a,weather,0,1
0,2016-06-07,18,16,0,0,0,10672,yum,n/a,weather,0,1
0,2016-06-08,18,20,0,0,0,11932,yum,n/a,weather,0,1
0,2016-06-09,21,21,0,0,0,13013,yum,n/a,weather,0,1
0,2016-06-10,26,24,0,0,0,16123,yum,n/a,weather,0,1
0,2016-06-11,30,25.5,0,0,0,18297,yum,n/a,weather,0,1
0,2016-06-12,0,0,0,0,0,0,yum,n/a,weather,0,1
0,2016-06-13,0,0,0,0,0,0,yum,n/a,weather,0,1
0,2016-06-14,17,17,0,0,0,12002,yum,n/a,weather,0,1
0,2016-06-15,21,15,0,0,0,11768,yum,n/a,weather,0,1
0,2016-06-16,24,27.5,0,0,0,14789,yum,n/a,weather,0,1
0,2016-06-17,28,25,0,0,0,16290,yum,n/a,weather,0,1
0,2016-06-18,24,21,0,0,0,16994,yum,n/a,weather,0,1
0,2016-06-19,0,0,0,0,0,0,yum,n/a,weather,0,1
0,2016-06-20,0,0,0,0,0,0,yum,n/a,weather,0,1
0,2016-06-21,16,15.5,0,0,0,10950,yum,n/a,weather,0,1
0,2016-06-22,16.5,14.5,0,0,0,10293,yum,n/a,weather,0,1
0,2016-06-23,19,15.5,0,0,0,12140,yum,n/a,weather,0,1
0,2016-06-24,26,26,0,0,0,17298,yum,n/a,weather,0,1
0,2016-06-25,37,29,0,0,0,21650,yum,n/a,weather,0,1
0,2016-06-26,0,0,0,0,0,0,yum,n/a,weather,0,1
0,2016-06-27,0,0,0,0,0,0,yum,n/a,weather,0,1
0,2016-06-28,17.5,15.5,0,0,0,11000,yum,n/a,weather,0,1
0,2016-06-29,18,15,0,0,0,11294,yum,n/a,weather,0,1
0,2016-06-30,16.5,15,0,0,0,11150,yum,n/a,weather,0,1
0,2016-07-01,30,25,0,0,0,17008,yum,n/a,weather,0,1
0,2016-07-02,34,25,0,0,0,20714,yum,n/a,weather,0,1
0,2016-07-03,0,0,0,0,0,0,yum,n/a,weather,0,1
0,2016-07-04,0,0,0,0,0,0,yum,4th of July,weather,0,1
0,2016-07-05,16.5,14.5,0,0,0,10160,yum,n/a,weather,0,1
0,2016-07-06,17,16,0,0,0,11593,yum,n/a,weather,0,1
0,2016-07-07,21,21,0,0,0,13149,yum,n/a,weather,0,1
0,2016-07-08,26.5,24,0,0,0,17036,yum,n/a,weather,0,1
0,2016-07-09,33,24,0,0,0,18847,yum,n/a,weather,0,1
0,2016-07-10,0,0,0,0,0,0,yum,n/a,weather,0,1
0,2016-07-11,0,0,0,0,0,0,yum,n/a,weather,0,1
0,2016-07-12,18,17.5,0,0,0,12080,yum,n/a,weather,0,1
0,2016-07-13,18,17.5,0,0,0,11839,yum,n/a,weather,0,1
0,2016-07-14,18,15,0,0,0,11720,yum,n/a,weather,0,1
0,2016-07-15,27,26,0,0,0,18604,yum,n/a,weather,0,1
0,2016-07-16,33.5,24.5,0,0,0,19022,yum,n/a,weather,0,1
0,2016-07-17,0,0,0,0,0,0,yum,n/a,weather,0,1
0,2016-07-18,0,0,0,0,0,0,yum,n/a,weather,0,1
0,2016-07-19,17,19,0,0,0,12144.88,yum,n/a,weather,0,1
0,2016-07-20,16,16,0,0,0,11111.3,yum,n/a,weather,0,1
0,2016-07-21,17,16,0,0,0,11198.95,yum,n/a,weather,0,1
0,2016-07-22,26,21,0,0,0,17224,yum,n/a,weather,0,1
0,2016-07-23,32,29,0,0,0,20515,yum,n/a,weather,0,1
0,2016-07-24,0,0,0,0,0,0,yum,n/a,weather,0,1
0,2016-07-25,0,0,0,0,0,0,yum,n/a,weather,0,1
0,2016-07-26,16,20,0,0,0,12000,yum,n/a,weather,0,1
0,2016-07-27,18.5,20,0,0,0,13120,yum,n/a,weather,0,1
0,2016-07-28,19,19,0,0,0,13007,yum,n/a,weather,0,1
0,2016-07-29,28,30.5,0,0,0,19176,yum,n/a,weather,0,1
0,2016-07-30,35,28,0,0,0,20595,yum,n/a,weather,0,1
0,2016-07-31,0,0,0,0,0,0,yum,n/a,weather,0,1
0,2016-08-01,0,0,0,0,0,0,yum,n/a,weather,0,1
0,2016-08-02,0,0,0,0,0,0,yum,n/a,weather,0,1
0,2016-08-03,0,0,0,0,0,0,yum,n/a,weather,0,1
0,2016-08-04,0,0,0,0,0,0,yum,n/a,weather,0,1
0,2016-08-05,0,0,0,0,0,0,yum,n/a,weather,0,1
0,2016-08-06,0,0,0,0,0,0,yum,n/a,weather,0,1
0,2016-08-07,0,0,0,0,0,0,yum,n/a,weather,0,1
0,2016-08-08,0,0,0,0,0,0,yum,n/a,weather,0,1
0,2016-08-09,19,19,0,0,0,13647,yum,n/a,weather,0,1
0,2016-08-10,17,17,0,0,0,11888,yum,n/a,weather,0,1
0,2016-08-11,20,24.5,0,0,0,15343,yum,n/a,weather,0,1
0,2016-08-12,27,27,0,0,0,18206,yum,n/a,weather,0,1
0,2016-08-13,34.5,25.5,0,0,0,20306,yum,Indian Independence Day,weather,0,1
0,2016-08-14,0,0,0,0,0,0,yum,n/a,weather,0,1
0,2016-08-15,0,0,0,0,0,0,yum,n/a,weather,0,1
0,2016-08-16,19.5,17.5,0,0,0,12896,yum,n/a,weather,0,1
0,2016-08-17,18,15.5,0,0,0,11414,yum,n/a,weather,0,1
0,2016-08-18,18.5,17.5,0,0,0,12727,yum,n/a,weather,0,1
0,2016-08-19,27,26,0,0,0,17299,yum,n/a,weather,0,1
0,2016-08-20,38.5,31,0,0,0,21923,yum,n/a,weather,0,1
0,2016-08-21,0,0,0,0,0,0,yum,n/a,weather,0,1
0,2016-08-22,0,0,0,0,0,0,yum,n/a,weather,0,1
0,2016-08-23,19,18,0,0,0,12678,yum,n/a,weather,0,1
0,2016-08-24,21,20,0,0,0,14099,yum,n/a,weather,0,1
0,2016-08-25,22,19,0,0,0,13870,yum,n/a,weather,0,1
0,2016-08-26,23,26,0,0,0,15127,yum,n/a,weather,0,1
0,2016-08-27,31,26,0,0,0,19388,yum,n/a,weather,0,1
0,2016-08-28,0,0,0,0,0,0,yum,n/a,weather,0,1
0,2016-08-29,0,0,0,0,0,0,yum,n/a,weather,0,1
0,2016-08-30,16,15,0,0,0,10811,yum,n/a,weather,0,1
0,2016-08-31,15,17,0,0,0,10906,yum,n/a,weather,0,1
0,2016-09-01,20,19,0,0,0,11890,yum,n/a,weather,0,1
0,2016-09-02,28.5,30.5,0,0,0,18811.81,yum,n/a,weather,0,1
0,2016-09-03,33,29,0,0,0,22011.31,yum,n/a,weather,0,1
0,2016-09-04,0,0,0,0,0,0,yum,n/a,weather,0,1
0,2016-09-05,0,0,0,0,0,0,yum,Labor Day,weather,0,1
0,2016-09-06,11.5,13.5,0,0,0,9135.66,yum,n/a,weather,0,1
0,2016-09-07,16,15,0,0,0,10095.75,yum,n/a,weather,0,1
0,2016-09-08,16,15.5,0,0,0,10499.59,yum,n/a,weather,0,1
0,2016-09-09,25,26,0,0,0,15541.58,yum,n/a,weather,0,1
0,2016-09-10,30,29,0,0,0,21467.9,yum,n/a,weather,0,1
0,2016-09-11,0,0,0,0,0,0,yum,n/a,weather,0,1
0,2016-09-12,0,0,0,0,0,0,yum,n/a,weather,0,1
0,2016-09-13,13.5,16.5,0,0,0,9592.75,yum,n/a,weather,0,1
0,2016-09-14,13.5,14,0,0,0,10265,yum,n/a,weather,0,1
0,2016-09-15,18,20,0,0,0,13077,yum,n/a,weather,0,1
0,2016-09-16,26,22,0,0,0,15064,yum,n/a,weather,0,1
0,2016-09-17,35,25,0,0,0,18922.5,yum,n/a,weather,0,1
0,2016-09-18,0,0,0,0,0,0,yum,n/a,weather,0,1
0,2016-09-19,0,0,0,0,0,0,yum,n/a,weather,0,1
0,2016-09-20,13,12.5,0,0,0,9204,yum,n/a,weather,0,1
0,2016-09-21,16,19,0,0,0,11107,yum,n/a,weather,0,1
0,2016-09-22,17,20,0,0,0,12156,yum,n/a,weather,0,1
0,2016-09-23,19,22,0,0,0,14303,yum,n/a,weather,0,1
0,2016-09-24,31,24,0,0,0,18435,yum,n/a,weather,0,1
0,2016-09-25,0,0,0,0,0,0,yum,n/a,weather,0,1
0,2016-09-26,0,0,0,0,0,0,yum,n/a,weather,0,1
0,2016-09-27,13.5,13,0,0,0,9204,yum,n/a,weather,0,1
0,2016-09-28,14.5,16,0,0,0,10204,yum,n/a,weather,0,1
0,2016-09-29,16,16,0,0,0,10800,yum,n/a,weather,0,1
0,2016-09-30,24.5,24.5,0,0,0,16169.7,yum,n/a,weather,0,1
0,2016-10-01,33,29.5,0,0,0,20502,yum,n/a,weather,0,1
0,2016-10-02,0,0,0,0,0,0,yum,n/a,weather,0,1
0,2016-10-03,0,0,0,0,0,0,yum,n/a,weather,0,1
0,2016-10-04,14,16,0,0,0,10389,yum,n/a,weather,0,1
0,2016-10-05,15,15,0,0,0,9513,yum,n/a,weather,0,1
0,2016-10-06,17,16,0,0,0,11581,yum,n/a,weather,0,1
0,2016-10-07,22,21.5,0,0,0,13855,yum,n/a,weather,0,1
0,2016-10-08,28,25,0,0,0,17738,yum,n/a,weather,0,1
0,2016-10-09,0,0,0,0,0,0,yum,n/a,weather,0,1
0,2016-10-10,0,0,0,0,0,0,yum,n/a,weather,0,1
0,2016-10-11,15.5,13.5,0,0,0,10218,yum,n/a,weather,0,1
0,2016-10-12,14,15,0,0,0,9830,yum,n/a,weather,0,1
0,2016-10-13,15,18,0,0,0,10130,yum,n/a,weather,0,1
0,2016-10-14,24,24,0,0,0,13843,yum,n/a,weather,0,1
0,2016-10-15,33,21.5,0,0,0,17104,yum,n/a,weather,0,1
0,2016-10-16,0,0,0,0,0,0,yum,n/a,weather,0,1
0,2016-10-17,0,0,0,0,0,0,yum,n/a,weather,0,1
0,2016-10-18,18,20,0,0,0,12450,yum,Corn Week,weather,0,1
0,2016-10-19,19,22,0,0,0,12447,yum,n/a,weather,0,1
0,2016-10-20,16.5,21,0,0,0,12004.9,yum,n/a,weather,0,1
0,2016-10-21,26.5,24.5,0,0,0,16165.97,yum,n/a,weather,0,1
0,2016-10-22,36.5,32.5,0,0,0,20589.3,yum,Last Corn,weather,0,1
0,2016-10-23,0,0,0,0,0,0,yum,n/a,weather,0,1
0,2016-10-24,0,0,0,0,0,0,yum,n/a,weather,0,1
0,2016-10-25,15.25,15.5,0,0,0,10118.9,yum,n/a,weather,0,1
0,2016-10-26,16,16,0,0,0,10826,yum,n/a,weather,0,1
0,2016-10-27,12.5,11,0,0,0,7769,yum,n/a,weather,0,1
0,2016-10-28,22.5,21.5,0,0,0,13596,yum,n/a,weather,0,1
0,2016-10-29,30.5,21,0,0,0,17506.15,yum,n/a,weather,0,1
0,2016-10-30,0,0,0,0,0,0,yum,n/a,weather,0,1
0,2016-10-31,0,0,0,0,0,0,yum,Halloween,weather,0,1
0,2016-11-01,15,14.5,0,0,0,9500,yum,n/a,weather,0,1
0,2016-11-02,14.5,13.5,0,0,0,9308,yum,n/a,weather,0,1
0,2016-11-03,18,17.5,0,0,0,11346,yum,n/a,weather,0,1
0,2016-11-04,26,24.5,0,0,0,15524,yum,n/a,weather,0,1
0,2016-11-05,29.5,20,0,0,0,17174,yum,n/a,weather,0,1
0,2016-11-06,0,0,0,0,0,0,yum,n/a,weather,0,1
0,2016-11-07,0,0,0,0,0,0,yum,n/a,weather,0,1
0,2016-11-08,29.5,22,0,0,0,12600,yum,Election Day,weather,0,1
0,2016-11-09,17,15,0,0,0,9786,yum,n/a,weather,0,1
0,2016-11-10,14.5,16.5,0,0,0,10364,yum,n/a,weather,0,1
0,2016-11-11,23.5,17.5,0,0,0,13055,yum,Veterens Day,weather,0,1
0,2016-11-12,37,24,0,0,0,19375,yum,n/a,weather,0,1
0,2016-11-13,0,0,0,0,0,0,yum,n/a,weather,0,1
0,2016-11-14,0,0,0,0,0,0,yum,n/a,weather,0,1
0,2016-11-15,15,14,0,0,0,8766,yum,n/a,weather,0,1
0,2016-11-16,15.5,12,0,0,0,9100,yum,n/a,weather,0,1
0,2016-11-17,16,12.5,0,0,0,8850,yum,n/a,weather,0,1
0,2016-11-18,21,22,0,0,0,14284,yum,n/a,weather,0,1
0,2016-11-19,32,25,0,0,0,16275,yum,n/a,weather,0,1
0,2016-11-20,0,0,0,0,0,0,yum,n/a,weather,0,1
0,2016-11-21,0,0,0,0,0,0,yum,n/a,weather,0,1
0,2016-11-22,25.5,20,0,0,0,14282,yum,n/a,weather,0,1
0,2016-11-23,93,0,0,0,0,23341,yum,n/a,weather,0,1
0,2016-11-24,0,0,0,0,0,0,yum,Thanksgiving,weather,0,1
0,2016-11-25,0,0,0,0,0,0,yum,n/a,weather,0,1
0,2016-11-26,0,0,0,0,0,0,yum,n/a,weather,0,1
0,2016-11-27,0,0,0,0,0,0,yum,n/a,weather,0,1
0,2016-11-28,0,0,0,0,0,0,yum,n/a,weather,0,1
0,2016-11-29,14,14,0,0,0,9408,yum,n/a,weather,0,1
0,2016-11-30,16,12,0,0,0,8676,yum,n/a,weather,0,1
0,2016-12-01,17,15.5,0,0,0,9756,yum,n/a,weather,0,1
0,2016-12-02,22.5,24,0,0,0,1447,yum,n/a,weather,0,1
0,2016-12-03,30.5,24,0,0,0,17685,yum,n/a,weather,0,1
0,2016-12-04,0,0,0,0,0,0,yum,n/a,weather,0,1
0,2016-12-05,0,0,0,0,0,0,yum,n/a,weather,0,1
0,2016-12-06,17,13,0,0,0,9356,yum,n/a,weather,0,1
0,2016-12-07,16,11.5,0,0,0,7816.35,yum,n/a,weather,0,1
0,2016-12-08,15.5,11,0,0,0,6996.5,yum,n/a,weather,0,1
0,2016-12-09,21.5,19,0,0,0,11377,yum,n/a,weather,0,1
0,2016-12-10,30.5,22,0,0,0,16077,yum,n/a,weather,0,1
0,2016-12-11,0,0,0,0,0,0,yum,n/a,weather,0,1
0,2016-12-12,0,0,0,0,0,0,yum,n/a,weather,0,1
0,2016-12-13,14.5,12,0,0,0,9430,yum,n/a,weather,0,1
0,2016-12-14,16.5,14.5,0,0,0,8722,yum,n/a,weather,0,1
0,2016-12-15,15.25,13.75,0,0,0,8623,yum,n/a,weather,0,1
0,2016-12-16,24.5,22,0,0,0,13687,yum,n/a,weather,0,1
0,2016-12-17,33.5,23.5,0,0,0,18491,yum,n/a,weather,0,1
0,2016-12-18,0,0,0,0,0,0,yum,n/a,weather,0,1
0,2016-12-19,0,0,0,0,0,0,yum,n/a,weather,0,1
0,2016-12-20,24,16,0,0,0,12299,yum,n/a,weather,0,1
0,2016-12-21,20,13,0,0,0,10307.9,yum,n/a,weather,0,1
0,2016-12-22,21,14,0,0,0,10862,yum,n/a,weather,0,1
0,2016-12-23,28.5,15,0,0,0,12339.35,yum,n/a,weather,0,1
0,2016-12-24,34,0,0,0,0,9258.92,yum,Christmas Eve,weather,0,1
0,2016-12-25,0,0,0,0,0,0,yum,Christmas,weather,0,1
0,2016-12-26,0,0,0,0,0,0,yum,n/a,weather,0,1
0,2016-12-27,19.5,18,0,0,0,14035,yum,Bakery Closed,weather,0,1
0,2016-12-28,27,17,0,0,0,13994,yum,n/a,weather,0,1
0,2016-12-29,24,16.25,0,0,0,12919,yum,n/a,weather,0,1
0,2016-12-30,26,18,0,0,0,13757,yum,n/a,weather,0,1
0,2016-12-31,55,0,0,0,0,16067,yum,New Years Eve,weather,0,1
0,2017-01-01,0,0,0,0,0,0,yum,n/a,weather,0,1
0,2017-01-02,0,0,0,0,0,0,yum,n/a,weather,0,1
0,2017-01-03,0,0,0,0,0,0,yum,n/a,weather,0,1
0,2017-01-04,0,0,0,0,0,0,yum,n/a,weather,0,1
0,2017-01-05,0,0,0,0,0,0,yum,n/a,weather,0,1
0,2017-01-06,0,0,0,0,0,0,yum,n/a,weather,0,1
0,2017-01-07,0,0,0,0,0,0,yum,n/a,weather,0,1
0,2017-01-08,0,0,0,0,0,0,yum,n/a,weather,0,1
0,2017-01-09,0,0,0,0,0,0,yum,n/a,weather,0,1
0,2017-01-10,13.5,13.5,0,0,0,8626,yum,First Day Back,weather,0,1
0,2017-01-11,16,13,0,0,0,8851,yum,n/a,weather,0,1
0,2017-01-12,18,15,0,0,0,10210,yum,n/a,weather,0,1
0,2017-01-13,25,25,0,0,0,15408,yum,n/a,weather,0,1
0,2017-01-14,33,25,0,0,0,18627.78,yum,n/a,weather,0,1
0,2017-01-15,0,0,0,0,0,0,yum,n/a,weather,0,1
0,2017-01-16,0,0,0,0,0,0,yum,n/a,weather,0,1
0,2017-01-17,13.5,13.5,0,0,0,8929,yum,n/a,weather,0,1
0,2017-01-18,15,11,0,0,0,7750,yum,n/a,weather,0,1
0,2017-01-19,16.5,16,0,0,0,10172.92,yum,n/a,weather,0,1
0,2017-01-20,21,17,0,0,0,11508,yum,n/a,weather,0,1
0,2017-01-21,29,21,0,0,0,1327.26,yum,n/a,weather,0,1
0,2017-01-22,0,0,0,0,0,0,yum,n/a,weather,0,1
0,2017-01-23,0,0,0,0,0,0,yum,n/a,weather,0,1
0,2017-01-24,15,12.5,0,0,0,8676,yum,n/a,weather,0,1
0,2017-01-25,15.5,14.5,0,0,0,10619,yum,n/a,weather,0,1
0,2017-01-26,12.5,16.5,0,0,0,8929,yum,n/a,weather,0,1
0,2017-01-27,25.5,21.5,0,0,0,13670,yum,n/a,weather,0,1
0,2017-01-28,32,24,0,0,0,19458,yum,n/a,weather,0,1
0,2017-01-29,0,0,0,0,0,0,yum,n/a,weather,0,1
0,2017-01-30,0,0,0,0,0,0,yum,n/a,weather,0,1
0,2017-01-31,13,12,0,0,0,7972,yum,n/a,weather,0,1
0,2017-02-01,15.5,14.5,0,0,0,9988.92,yum,n/a,weather,0,1
0,2017-02-02,18,16,0,0,0,11457,yum,n/a,weather,0,1
0,2017-02-03,22.5,23,0,0,0,14464,yum,n/a,weather,0,1
0,2017-02-04,30.5,23.5,0,0,0,17756,yum,n/a,weather,0,1
0,2017-02-05,0,0,0,0,0,0,yum,n/a,weather,0,1
0,2017-02-06,0,0,0,0,0,0,yum,n/a,weather,0,1
0,2017-02-07,13.5,12.5,0,0,0,7750,yum,n/a,weather,0,1
0,2017-02-08,16,14,0,0,0,9984,yum,n/a,weather,0,1
0,2017-02-09,14,16,0,0,0,9526,yum,n/a,weather,0,1
0,2017-02-10,28,24,0,0,0,15417,yum,n/a,weather,0,1
0,2017-02-11,34.5,20.5,0,0,0,17234,yum,n/a,weather,0,1
0,2017-02-12,0,0,0,0,0,0,yum,n/a,weather,0,1
0,2017-02-13,0,0,0,0,0,0,yum,n/a,weather,0,1
0,2017-02-14,14.5,17,0,0,0,11705,yum,n/a,weather,0,1
0,2017-02-15,14,12,0,0,0,8523,yum,n/a,weather,0,1
0,2017-02-16,14,17.25,0,0,0,10434,yum,Day without Immigrants,weather,0,1
0,2017-02-17,20.5,22.5,0,0,0,13560,yum,n/a,weather,0,1
0,2017-02-18,33.5,26.5,0,0,0,19005,yum,n/a,weather,0,1
0,2017-02-19,0,0,0,0,0,0,yum,n/a,weather,0,1
0,2017-02-20,0,0,0,0,0,0,yum,n/a,weather,0,1
0,2017-02-21,15,13.5,0,0,0,8738,yum,n/a,weather,0,1
0,2017-02-22,17.5,13,0,0,0,9538,yum,n/a,weather,0,1
0,2017-02-23,18,15,0,0,0,10533,yum,n/a,weather,0,1
0,2017-02-24,26.5,26,0,0,0,15663,yum,n/a,weather,0,1
0,2017-02-25,32,23.5,0,0,0,18552,yum,n/a,weather,0,1
0,2017-02-26,0,0,0,0,0,0,yum,n/a,weather,0,1
0,2017-02-27,0,0,0,0,0,0,yum,n/a,weather,0,1
0,2017-02-28,14,11.5,0,0,0,7956,yum,n/a,weather,0,1
0,2017-03-01,17.5,13.5,0,0,0,9972,yum,n/a,weather,0,1
0,2017-03-02,16,19,0,0,0,9300,yum,n/a,weather,0,1
0,2017-03-03,24,21,0,0,0,14449,yum,n/a,weather,0,1
0,2017-03-04,32.5,24.5,0,0,0,18090,yum,n/a,weather,0,1
0,2017-03-05,0,0,0,0,0,0,yum,n/a,weather,0,1
0,2017-03-06,0,0,0,0,0,0,yum,n/a,weather,0,1
0,2017-03-07,14,13.5,0,0,0,9825,yum,n/a,weather,0,1
0,2017-03-08,15.5,14.5,0,0,0,10478,yum,n/a,weather,0,1
0,2017-03-09,17.5,19.5,0,0,0,11668,yum,n/a,weather,0,1
0,2017-03-10,24,21,0,0,0,14716,yum,n/a,weather,0,1
0,2017-03-11,32,27.5,0,0,0,19418,yum,First Asparagus,weather,0,1
0,2017-03-12,0,0,0,0,0,0,yum,n/a,weather,0,1
0,2017-03-13,0,0,0,0,0,0,yum,n/a,weather,0,1
0,2017-03-14,13,14,0,0,0,10317,yum,n/a,weather,0,1
0,2017-03-15,15,14,0,0,0,9385,yum,n/a,weather,0,1
0,2017-03-16,19,23.5,0,0,0,12676,yum,n/a,weather,0,1
0,2017-03-17,22,23,0,0,0,15877,yum,n/a,weather,0,1
0,2017-03-18,33,22.5,0,0,0,18288,yum,n/a,weather,0,1
0,2017-03-19,0,0,0,0,0,0,yum,n/a,weather,0,1
0,2017-03-20,0,0,0,0,0,0,yum,n/a,weather,0,1
0,2017-03-21,16,14,0,0,0,11118,yum,n/a,weather,0,1
0,2017-03-22,16.5,16,0,0,0,10790,yum,n/a,weather,0,1
0,2017-03-23,16,16,0,0,0,11227,yum,n/a,weather,0,1
0,2017-03-24,24.5,24.5,0,0,0,15802,yum,n/a,weather,0,1
0,2017-03-25,32.5,28.5,0,0,0,19353,yum,n/a,weather,0,1
0,2017-03-26,0,0,0,0,0,0,yum,n/a,weather,0,1
0,2017-03-27,0,0,0,0,0,0,yum,n/a,weather,0,1
0,2017-03-28,17,15,0,0,0,9903,yum,n/a,weather,0,1
0,2017-03-29,15.5,15,0,0,0,10438,yum,n/a,weather,0,1
0,2017-03-30,17.5,15,0,0,0,11066,yum,n/a,weather,0,1
0,2017-03-31,26,24.5,0,0,0,15950,yum,n/a,weather,0,1
0,2017-04-01,28,21,0,0,0,17174,yum,n/a,weather,0,1
0,2017-04-02,0,0,0,0,0,0,yum,n/a,weather,0,1
0,2017-04-03,0,0,0,0,0,0,yum,n/a,weather,0,1
0,2017-04-04,15.5,14,0,0,0,9957,yum,n/a,weather,0,1
0,2017-04-05,14.5,13,0,0,0,10039,yum,n/a,weather,0,1
0,2017-04-06,15,14,0,0,0,10219,yum,n/a,weather,0,1
0,2017-04-07,23.5,20.5,0,0,0,14462,yum,n/a,weather,0,1
0,2017-04-08,33,29,0,0,0,21178,yum,n/a,weather,0,1
0,2017-04-09,0,0,0,0,0,0,yum,n/a,weather,0,1
0,2017-04-10,0,0,0,0,0,0,yum,n/a,weather,0,1
0,2017-04-11,15.5,14,0,0,0,9976,yum,n/a,weather,0,1
0,2017-04-12,17,13.5,0,0,0,10023,yum,n/a,weather,0,1
0,2017-04-13,17,17,0,0,0,11746,yum,n/a,weather,0,1
0,2017-04-14,26.5,24.5,0,0,0,17074,yum,n/a,weather,0,1
0,2017-04-15,32,23,0,0,0,18759,yum,n/a,weather,0,1
0,2017-04-16,0,0,0,0,0,0,yum,Easter,weather,0,1
0,2017-04-17,0,0,0,0,0,0,yum,n/a,weather,0,1
0,2017-04-18,15,14,0,0,0,10302,yum,n/a,weather,0,1
0,2017-04-19,15,15,0,0,0,10483,yum,n/a,weather,0,1
0,2017-04-20,16,18.5,0,0,0,11368,yum,n/a,weather,0,1
0,2017-04-21,25.5,26,0,0,0,18436,yum,n/a,weather,0,1
0,2017-04-22,27,31,0,0,0,17674,yum,Cal Day,weather,0,1
0,2017-04-23,0,0,0,0,0,0,yum,n/a,weather,0,1
0,2017-04-24,0,0,0,0,0,0,yum,n/a,weather,0,1
0,2017-04-25,14,13.5,0,0,0,9566,yum,n/a,weather,0,1
0,2017-04-26,17,12,0,0,0,8714,yum,n/a,weather,0,1
0,2017-04-27,15,20,0,0,0,12342,yum,n/a,weather,0,1
0,2017-04-28,24,21,0,0,0,15513,yum,n/a,weather,0,1
0,2017-04-29,29.5,25,0,0,0,18006,yum,n/a,weather,0,1
0,2017-04-30,0,0,0,0,0,0,yum,n/a,weather,0,1
0,2017-05-01,0,0,0,0,0,0,yum,May Day,weather,0,1
0,2017-05-02,16,14,0,0,0,11656,yum,n/a,weather,0,1
0,2017-05-03,17.5,17.5,0,0,0,12393,yum,n/a,weather,0,1
0,2017-05-04,0,0,0,0,0,0,yum,n/a,weather,0,1
0,2017-05-05,22.5,27.5,0,0,0,14931,yum,n/a,weather,0,1
0,2017-05-06,45,32,0,0,0,25099,yum,First Corn,weather,0,1
0,2017-05-07,0,0,0,0,0,0,yum,n/a,weather,0,1
0,2017-05-08,0,0,0,0,0,0,yum,n/a,weather,0,1
0,2017-05-09,16,13,0,0,0,9881.58,yum,n/a,weather,0,1
0,2017-05-10,16,15,0,0,0,10986,yum,n/a,weather,0,1
0,2017-05-11,19,20,0,0,0,13235,yum,n/a,weather,0,1
0,2017-05-12,31,30,0,0,0,19566,yum,n/a,weather,0,1
0,2017-05-13,37,26,0,0,0,20500,yum,Cal Graduation,weather,0,1
0,2017-05-14,0,0,0,0,0,0,yum,n/a,weather,0,1
0,2017-05-15,0,0,0,0,0,0,yum,n/a,weather,0,1
0,2017-05-16,18.25,16.5,0,0,0,11659.98,yum,n/a,weather,0,1
0,2017-05-17,17,17,0,0,0,12984,yum,n/a,weather,0,1
0,2017-05-18,19.5,22.5,0,0,0,14829,yum,n/a,weather,0,1
0,2017-05-19,24,22,0,0,0,14568,yum,n/a,weather,0,1
0,2017-05-20,35,23.5,0,0,0,19325,yum,n/a,weather,0,1
0,2017-05-21,0,0,0,0,0,0,yum,n/a,weather,0,1
0,2017-05-22,0,0,0,0,0,0,yum,n/a,weather,0,1
0,2017-05-23,15,12,0,0,0,9490,yum,n/a,weather,0,1
0,2017-05-24,17.5,16.5,0,0,0,11054,yum,n/a,weather,0,1
0,2017-05-25,16.5,17.5,0,0,0,11775,yum,n/a,weather,0,1
0,2017-05-26,24.5,23,0,0,0,15345,yum,n/a,weather,0,1
0,2017-05-27,36,28,0,0,0,22474,yum,n/a,weather,0,1
0,2017-05-28,0,0,0,0,0,0,yum,n/a,weather,0,1
0,2017-05-29,0,0,0,0,0,0,yum,n/a,weather,0,1
0,2017-05-30,17,15,0,0,0,10810,yum,n/a,weather,0,1
0,2017-05-31,16,15.5,0,0,0,10338,yum,n/a,weather,0,1
0,2017-06-01,18,19,0,0,0,11735,yum,n/a,weather,0,1
0,2017-06-02,26,24.5,0,0,0,15855,yum,n/a,weather,0,1
0,2017-06-03,33.5,26,0,0,0,18957,yum,n/a,weather,0,1
0,2017-06-04,0,0,0,0,0,0,yum,n/a,weather,0,1
0,2017-06-05,0,0,0,0,0,0,yum,n/a,weather,0,1
0,2017-06-06,15.5,14,0,0,0,10207,yum,n/a,weather,0,1
0,2017-06-07,22,18,0,0,0,12900,yum,n/a,weather,0,1
0,2017-06-08,14.5,15.5,0,0,0,9772,yum,n/a,weather,0,1
0,2017-06-09,28,25.5,0,0,0,14594,yum,G4 NBA FINALS,weather,0,1
0,2017-06-10,30,24.5,0,0,0,18111,yum,n/a,weather,0,1
0,2017-06-11,0,0,0,0,0,0,yum,n/a,weather,0,1
0,2017-06-12,0,0,0,0,0,0,yum,n/a,weather,0,1
0,2017-06-13,16.5,13.5,0,0,0,10134,yum,n/a,weather,0,1
0,2017-06-14,17.5,16,0,0,0,11114,yum,n/a,weather,0,1
0,2017-06-15,22,19,0,0,0,13651,yum,n/a,weather,0,1
0,2017-06-16,27.5,20,0,0,0,15324,yum,n/a,weather,0,1
0,2017-06-17,32.5,23.5,0,0,0,18836,yum,n/a,weather,0,1
0,2017-06-18,0,0,0,0,0,0,yum,n/a,weather,0,1
0,2017-06-19,0,0,0,0,0,0,yum,n/a,weather,0,1
0,2017-06-20,15,14.5,0,0,0,10599,yum,n/a,weather,0,1
0,2017-06-21,14.5,15,0,0,0,11167,yum,n/a,weather,0,1
0,2017-06-22,16.5,20,0,0,0,12507,yum,n/a,weather,0,1
0,2017-06-23,24,26,0,0,0,16211,yum,n/a,weather,0,1
0,2017-06-24,31,24.5,0,0,0,18920,yum,PRIDE,weather,0,1
0,2017-06-25,0,0,0,0,0,0,yum,n/a,weather,0,1
0,2017-06-26,0,0,0,0,0,0,yum,n/a,weather,0,1
0,2017-06-27,17,15,0,0,0,10730,yum,n/a,weather,0,1
0,2017-06-28,15,14,0,0,0,10120,yum,n/a,weather,0,1
0,2017-06-29,20,22,0,0,0,14353,yum,n/a,weather,0,1
0,2017-06-30,30,27.5,0,0,0,17778,yum,n/a,weather,0,1
0,2017-07-01,39,31,0,0,0,22582,yum,n/a,weather,0,1
0,2017-07-02,0,0,0,0,0,0,yum,n/a,weather,0,1
0,2017-07-03,0,0,0,0,0,0,yum,n/a,weather,0,1
0,2017-07-04,0,0,0,0,0,0,yum,4TH OF JULY,weather,0,1
0,2017-07-05,18,16,0,0,0,11286,yum,n/a,weather,0,1
0,2017-07-06,18,17.5,0,0,0,12141,yum,n/a,weather,0,1
0,2017-07-07,25,23,0,0,0,15779,yum,n/a,weather,0,1
0,2017-07-08,32,21,0,0,0,18717,yum,n/a,weather,0,1
0,2017-07-09,0,0,0,0,0,0,yum,n/a,weather,0,1
0,2017-07-10,0,0,0,0,0,0,yum,n/a,weather,0,1
0,2017-07-11,17.5,16.5,0,0,0,11162,yum,n/a,weather,0,1
0,2017-07-12,16,16,0,0,0,10945,yum,n/a,weather,0,1
0,2017-07-13,18,17.5,0,0,0,11458,yum,n/a,weather,0,1
0,2017-07-14,28,27,0,0,0,17799,yum,n/a,weather,0,1
0,2017-07-15,32.5,26,0,0,0,19525,yum,n/a,weather,0,1
0,2017-07-16,0,0,0,0,0,0,yum,n/a,weather,0,1
0,2017-07-17,0,0,0,0,0,0,yum,n/a,weather,0,1
0,2017-07-18,17.5,19.5,0,0,0,12662,yum,n/a,weather,0,1
0,2017-07-19,16.5,15.5,0,0,0,10798,yum,n/a,weather,0,1
0,2017-07-20,18,19.5,0,0,0,12973,yum,n/a,weather,0,1
0,2017-07-21,26,20,0,0,0,15284,yum,n/a,weather,0,1
0,2017-07-22,34,28,0,0,0,19780,yum,n/a,weather,0,1
0,2017-07-23,0,0,0,0,0,0,yum,n/a,weather,0,1
0,2017-07-24,0,0,0,0,0,0,yum,n/a,weather,0,1
0,2017-07-25,15,14.5,0,0,0,10160,yum,n/a,weather,0,1
0,2017-07-26,19,18.5,0,0,0,13108,yum,n/a,weather,0,1
0,2017-07-27,20,21.5,0,0,0,1359,yum,n/a,weather,0,1
0,2017-07-28,25,30,0,0,0,17502,yum,n/a,weather,0,1
0,2017-07-29,38.5,29,0,0,0,22348,yum,n/a,weather,0,1
0,2017-07-30,0,0,0,0,0,0,yum,n/a,weather,0,1
0,2017-07-31,0,0,0,0,0,0,yum,n/a,weather,0,1
0,2017-08-01,18,16,0,0,0,12894,yum,n/a,weather,0,1
0,2017-08-02,19,18,0,0,0,12365,yum,n/a,weather,0,1
0,2017-08-03,19.25,18.5,0,0,0,13279,yum,n/a,weather,0,1
0,2017-08-04,26.5,26,0,0,0,16488,yum,n/a,weather,0,1
0,2017-08-05,34,27,0,0,0,18877,yum,n/a,weather,0,1
0,2017-08-06,0,0,0,0,0,0,yum,n/a,weather,0,1
0,2017-08-07,0,0,0,0,0,0,yum,n/a,weather,0,1
0,2017-08-08,0,0,0,0,0,0,yum,n/a,weather,0,1
0,2017-08-09,0,0,0,0,0,0,yum,n/a,weather,0,1
0,2017-08-10,0,0,0,0,0,0,yum,n/a,weather,0,1
0,2017-08-11,0,0,0,0,0,0,yum,n/a,weather,0,1
0,2017-08-12,0,0,0,0,0,0,yum,n/a,weather,0,1
0,2017-08-13,0,0,0,0,0,0,yum,n/a,weather,0,1
0,2017-08-14,0,0,0,0,0,0,yum,n/a,weather,0,1
0,2017-08-15,20,18,0,0,0,12396,yum,n/a,weather,0,1
0,2017-08-16,20.75,20,0,0,0,13381,yum,n/a,weather,0,1
0,2017-08-17,20,20,0,0,0,13047,yum,n/a,weather,0,1
0,2017-08-18,28.5,25.5,0,0,0,18590,yum,n/a,weather,0,1
0,2017-08-19,34.5,27,0,0,0,19823,yum,n/a,weather,0,1
0,2017-08-20,0,0,0,0,0,0,yum,n/a,weather,0,1
0,2017-08-21,0,0,0,0,0,0,yum,n/a,weather,0,1
0,2017-08-22,18,17,0,0,0,14270,yum,n/a,weather,0,1
0,2017-08-23,14.5,17.25,0,0,0,11232,yum,n/a,weather,0,1
0,2017-08-24,18,19.75,0,0,0,12261,yum,n/a,weather,0,1
0,2017-08-25,26.5,23,0,0,0,16046,yum,n/a,weather,0,1
0,2017-08-26,31,27,0,0,0,18664,yum,n/a,weather,0,1
0,2017-08-27,0,0,0,0,0,0,yum,n/a,weather,0,1
0,2017-08-28,0,0,0,0,0,0,yum,n/a,weather,0,1
0,2017-08-29,14.5,9.5,0,0,0,8503,yum,n/a,weather,0,1
0,2017-08-30,16.5,16,0,0,0,10930,yum,n/a,weather,0,1
0,2017-08-31,17,19.5,0,0,0,12003,yum,n/a,weather,0,1
0,2017-09-01,26,27,0,0,0,18963,yum,n/a,weather,0,1
0,2017-09-02,31,21,0,0,0,17047,yum,n/a,weather,0,1
0,2017-09-03,0,0,0,0,0,0,yum,n/a,weather,0,1
0,2017-09-04,0,0,0,0,0,0,yum,n/a,weather,0,1
0,2017-09-05,13.5,12,0,0,0,8739,yum,n/a,weather,0,1
0,2017-09-06,16,14.5,0,0,0,10054,yum,n/a,weather,0,1
0,2017-09-07,14,15.5,0,0,0,9338.96,yum,n/a,weather,0,1
0,2017-09-08,24,27.5,0,0,0,15796,yum,n/a,weather,0,1
0,2017-09-09,38,29,0,0,0,20206,yum,Cal Home Game,weather,0,1
0,2017-09-10,0,0,0,0,0,0,yum,n/a,weather,0,1
0,2017-09-11,0,0,0,0,0,0,yum,n/a,weather,0,1
0,2017-09-12,13,15,0,0,0,9810,yum,n/a,weather,0,1
0,2017-09-13,14,14,0,0,0,9432,yum,n/a,weather,0,1
0,2017-09-14,16,14,0,0,0,9498,yum,n/a,weather,0,1
0,2017-09-15,22.5,27.5,0,0,0,15258,yum,n/a,weather,0,1
0,2017-09-16,36,29.5,0,0,0,22569,yum,n/a,weather,0,1
0,2017-09-17,0,0,0,0,0,0,yum,n/a,weather,0,1
0,2017-09-18,0,0,0,0,0,0,yum,n/a,weather,0,1
0,2017-09-19,13,14,0,0,0,10397,yum,n/a,weather,0,1
0,2017-09-20,17,17,0,0,0,11011,yum,n/a,weather,0,1
0,2017-09-21,17.25,15,0,0,0,10771,yum,n/a,weather,0,1
0,2017-09-22,24.5,28.5,0,0,0,16687,yum,n/a,weather,0,1
0,2017-09-23,28,26,0,0,0,18793,yum,n/a,weather,0,1
0,2017-09-24,0,0,0,0,0,0,yum,n/a,weather,0,1
0,2017-09-25,0,0,0,0,0,0,yum,n/a,weather,0,1
0,2017-09-26,11,10.5,0,0,0,8243,yum,n/a,weather,0,1
0,2017-09-27,14,14.5,0,0,0,9319,yum,n/a,weather,0,1
0,2017-09-28,13,14.5,0,0,0,9190,yum,n/a,weather,0,1
0,2017-09-29,23,26,0,0,0,15023,yum,n/a,weather,0,1
0,2017-09-30,35,25,0,0,0,19625,yum,n/a,weather,0,1
0,2017-10-01,0,0,0,0,0,0,yum,n/a,weather,0,1
0,2017-10-02,0,0,0,0,0,0,yum,n/a,weather,0,1
0,2017-10-03,15,16,0,0,0,11072,yum,n/a,weather,0,1
0,2017-10-04,16.5,15.5,0,0,0,10132,yum,n/a,weather,0,1
0,2017-10-05,16,16.5,0,0,0,10716,yum,n/a,weather,0,1
0,2017-10-06,26,24,0,0,0,16537,yum,n/a,weather,0,1
0,2017-10-07,31.5,24.5,0,0,0,18168,yum,n/a,weather,0,1
0,2017-10-08,0,0,0,0,0,0,yum,n/a,weather,0,1
0,2017-10-09,0,0,0,0,0,0,yum,n/a,weather,0,1
0,2017-10-10,14,15,0,0,0,9120,yum,n/a,weather,0,1
0,2017-10-11,16,12,0,0,0,8996,yum,n/a,weather,0,1
0,2017-10-12,15,14,0,0,0,9757,yum,Smokey from Fires,weather,0,1
0,2017-10-13,26,29,0,0,0,16266,yum,n/a,weather,0,1
0,2017-10-14,30,22,0,0,0,17464,yum,n/a,weather,0,1
0,2017-10-15,0,0,0,0,0,0,yum,n/a,weather,0,1
0,2017-10-16,0,0,0,0,0,0,yum,n/a,weather,0,1
0,2017-10-17,15.5,13,0,0,0,9000,yum,n/a,weather,0,1
0,2017-10-18,14.25,13,0,0,0,9302,yum,n/a,weather,0,1
0,2017-10-19,15,19,0,0,0,10967,yum,n/a,weather,0,1
0,2017-10-20,25.5,23,0,0,0,14604,yum,n/a,weather,0,1
0,2017-10-21,37,25.5,0,0,0,20730,yum,n/a,weather,0,1
0,2017-10-22,0,0,0,0,0,0,yum,n/a,weather,0,1
0,2017-10-23,0,0,0,0,0,0,yum,n/a,weather,0,1
0,2017-10-24,14.5,12.5,0,0,0,9174,yum,n/a,weather,0,1
0,2017-10-25,15.25,14,0,0,0,8977,yum,n/a,weather,0,1
0,2017-10-26,15.5,17.5,0,0,0,10513,yum,n/a,weather,0,1
0,2017-10-27,26,24.5,0,0,0,15539,yum,n/a,weather,0,1
0,2017-10-28,34,25,0,0,0,19191,yum,n/a,weather,0,1
0,2017-10-29,0,0,0,0,0,0,yum,n/a,weather,0,1
0,2017-10-30,0,0,0,0,0,0,yum,n/a,weather,0,1
0,2017-10-31,22,21,0,0,0,12147,yum,Halloween,weather,0,1
0,2017-11-01,16,14.5,0,0,0,9981,yum,n/a,weather,0,1
0,2017-11-02,17,14,0,0,0,9818,yum,n/a,weather,0,1
0,2017-11-03,26,25,0,0,0,15021,yum,n/a,weather,0,1
0,2017-11-04,30,23,0,0,0,17534,yum,n/a,weather,0,1
0,2017-11-05,0,0,0,0,0,0,yum,n/a,weather,0,1
0,2017-11-06,0,0,0,0,0,0,yum,n/a,weather,0,1
0,2017-11-07,11.5,12,0,0,0,8158,yum,Election Day,weather,0,1
0,2017-11-08,15,12.5,0,0,0,9635,yum,n/a,weather,0,1
0,2017-11-09,16,14.5,0,0,0,10532,yum,n/a,weather,0,1
0,2017-11-10,27,19,0,0,0,13657,yum,n/a,weather,0,1
0,2017-11-11,41,30,0,0,0,21600,yum,Last Corn,weather,0,1
0,2017-11-12,0,0,0,0,0,0,yum,n/a,weather,0,1
0,2017-11-13,0,0,0,0,0,0,yum,n/a,weather,0,1
0,2017-11-14,14,11,0,0,0,8151,yum,n/a,weather,0,1
0,2017-11-15,15,12.5,0,0,0,8191,yum,n/a,weather,0,1
0,2017-11-16,16,13,0,0,0,8931,yum,n/a,weather,0,1
0,2017-11-17,23,21,0,0,0,13656,yum,n/a,weather,0,1
0,2017-11-18,34,27,0,0,0,13666,yum,n/a,weather,0,1
0,2017-11-19,0,0,0,0,0,0,yum,n/a,weather,0,1
0,2017-11-20,0,0,0,0,0,0,yum,n/a,weather,0,1
0,2017-11-21,22.5,18,0,0,0,11795,yum,n/a,weather,0,1
0,2017-11-22,61,40,0,0,0,28963,yum,n/a,weather,0,1
0,2017-11-23,0,0,0,0,0,0,yum,Thanksgiving,weather,0,1
0,2017-11-24,0,0,0,0,0,0,yum,n/a,weather,0,1
0,2017-11-25,0,0,0,0,0,0,yum,n/a,weather,0,1
0,2017-11-26,0,0,0,0,0,0,yum,n/a,weather,0,1
0,2017-11-27,0,0,0,0,0,0,yum,n/a,weather,0,1
0,2017-11-28,15,11,0,0,0,8734,yum,n/a,weather,0,1
0,2017-11-29,16,14,0,0,0,10017,yum,n/a,weather,0,1
0,2017-11-30,0,0,0,0,0,0,yum,n/a,weather,0,1
0,2017-12-01,24,19,0,0,0,13744,yum,n/a,weather,0,1
0,2017-12-02,31,24,0,0,0,17790,yum,n/a,weather,0,1
0,2017-12-03,0,0,0,0,0,0,yum,n/a,weather,0,1
0,2017-12-04,0,0,0,0,0,0,yum,n/a,weather,0,1
0,2017-12-05,15,11,0,0,0,8751,yum,n/a,weather,0,1
0,2017-12-06,13,13,0,0,0,8621,yum,n/a,weather,0,1
0,2017-12-07,15,17,0,0,0,10079,yum,n/a,weather,0,1
0,2017-12-08,24.5,16,0,0,0,12395,yum,n/a,weather,0,1
0,2017-12-09,30,21,0,0,0,15968,yum,n/a,weather,0,1
0,2017-12-10,0,0,0,0,0,0,yum,n/a,weather,0,1
0,2017-12-11,0,0,0,0,0,0,yum,n/a,weather,0,1
0,2017-12-12,13.5,12.5,0,0,0,8449,yum,n/a,weather,0,1
0,2017-12-13,17.5,14,0,0,0,10445,yum,n/a,weather,0,1
0,2017-12-14,19.5,16.5,0,0,0,10664,yum,n/a,weather,0,1
0,2017-12-15,27,20.5,0,0,0,14544,yum,n/a,weather,0,1
0,2017-12-16,34.5,21.5,0,0,0,16992,yum,n/a,weather,0,1
0,2017-12-17,0,0,0,0,0,0,yum,n/a,weather,0,1
0,2017-12-18,0,0,0,0,0,0,yum,n/a,weather,0,1
0,2017-12-19,19,13,0,0,0,10320,yum,n/a,weather,0,1
0,2017-12-20,17.5,12.5,0,0,0,9355,yum,n/a,weather,0,1
0,2017-12-21,21,14.5,0,0,0,11454,yum,n/a,weather,0,1
0,2017-12-22,30,14,0,0,0,13567,yum,n/a,weather,0,1
0,2017-12-23,38,21.5,0,0,0,16182,yum,n/a,weather,0,1
0,2017-12-24,0,0,0,0,0,0,yum,Christmas Eve,weather,0,1
0,2017-12-25,0,0,0,0,0,0,yum,Christmas,weather,0,1
0,2017-12-26,0,0,0,0,0,0,yum,n/a,weather,0,1
0,2017-12-27,20.25,15,0,0,0,14719,yum,n/a,weather,0,1
0,2017-12-28,25,13,0,0,0,12422,yum,n/a,weather,0,1
0,2017-12-29,30.5,19.5,0,0,0,16093,yum,n/a,weather,0,1
0,2017-12-30,40,27,0,0,0,21129,yum,n/a,weather,0,1
0,2017-12-31,0,0,0,0,0,0,yum,New Years Eve,weather,0,1
0,2018-01-01,0,0,0,0,0,0,yum,n/a,weather,0,1
0,2018-01-02,0,0,0,0,0,0,yum,n/a,weather,0,1
0,2018-01-03,0,0,0,0,0,0,yum,n/a,weather,0,1
0,2018-01-04,0,0,0,0,0,0,yum,n/a,weather,0,1
0,2018-01-05,0,0,0,0,0,0,yum,n/a,weather,0,1
0,2018-01-06,0,0,0,0,0,0,yum,n/a,weather,0,1
0,2018-01-07,0,0,0,0,0,0,yum,n/a,weather,0,1
0,2018-01-08,0,0,0,0,0,0,yum,n/a,weather,0,1
0,2018-01-09,0,0,0,0,0,0,yum,n/a,weather,0,1
0,2018-01-10,0,0,0,0,0,0,yum,n/a,weather,0,1
0,2018-01-11,18,18.5,0,0,0,11831,yum,n/a,weather,0,1
0,2018-01-12,27,24,0,0,0,15628,yum,n/a,weather,0,1
0,2018-01-13,37.5,26,0,0,0,20676,yum,n/a,weather,0,1
0,2018-01-14,0,0,0,0,0,0,yum,n/a,weather,0,1
0,2018-01-15,0,0,0,0,0,0,yum,n/a,weather,0,1
0,2018-01-16,14.5,11.5,0,0,0,8173,yum,n/a,weather,0,1
0,2018-01-17,16,13,0,0,0,9338,yum,n/a,weather,0,1
0,2018-01-18,16,13.5,0,0,0,0,yum,n/a,weather,0,1
0,2018-01-19,22,25,0,0,0,14112,yum,n/a,weather,0,1
0,2018-01-20,32,22,0,0,0,17845,yum,n/a,weather,0,1
0,2018-01-21,0,0,0,0,0,0,yum,n/a,weather,0,1
0,2018-01-22,0,0,0,0,0,0,yum,n/a,weather,0,1
0,2018-01-23,15.5,12,0,0,0,9142,yum,n/a,weather,0,1
0,2018-01-24,17,14,0,0,0,9266,yum,n/a,weather,0,1
0,2018-01-25,12.5,13.5,0,0,0,8168,yum,n/a,weather,0,1
0,2018-01-26,26,18,0,0,0,14013,yum,n/a,weather,0,1
0,2018-01-27,33.5,25.5,0,0,0,19935,yum,n/a,weather,0,1
0,2018-01-28,0,0,0,0,0,0,yum,n/a,weather,0,1
0,2018-01-29,0,0,0,0,0,0,yum,n/a,weather,0,1
0,2018-01-30,14,14.5,0,0,0,10151,yum,n/a,weather,0,1
0,2018-01-31,17.5,14.5,0,0,0,9888,yum,n/a,weather,0,1
0,2018-02-01,0,0,0,0,0,0,yum,n/a,weather,0,1
0,2018-02-02,26,25,0,0,0,0,yum,n/a,weather,0,1
0,2018-02-03,32,23,0,0,0,18084,yum,n/a,weather,0,1
0,2018-02-04,0,0,0,0,0,0,yum,n/a,weather,0,1
0,2018-02-05,0,0,0,0,0,0,yum,n/a,weather,0,1
0,2018-02-06,11.5,12.5,0,0,0,9490,yum,n/a,weather,0,1
0,2018-02-07,15.5,13.5,0,0,0,9826,yum,n/a,weather,0,1
0,2018-02-08,17.5,15.5,0,0,0,10385,yum,n/a,weather,0,1
0,2018-02-09,23,23,0,0,0,16087,yum,n/a,weather,0,1
0,2018-02-10,33,25,0,0,0,18899,yum,n/a,weather,0,1
0,2018-02-11,0,0,0,0,0,0,yum,n/a,weather,0,1
0,2018-02-12,0,0,0,0,0,0,yum,n/a,weather,0,1
0,2018-02-13,16,13,0,0,0,9526,yum,n/a,weather,0,1
0,2018-02-14,18,17.5,0,0,0,11880,yum,n/a,weather,0,1
0,2018-02-15,16,15.5,0,0,0,11173,yum,n/a,weather,0,1
0,2018-02-16,26,19,0,0,0,15433,yum,n/a,weather,0,1
0,2018-02-17,35,27,0,0,0,20397,yum,n/a,weather,0,1
0,2018-02-18,0,0,0,0,0,0,yum,n/a,weather,0,1
0,2018-02-19,0,0,0,0,0,0,yum,n/a,weather,0,1
0,2018-02-20,14.5,9.5,0,0,0,7741,yum,n/a,weather,0,1
0,2018-02-21,14.5,11.5,0,0,0,8365,yum,n/a,weather,0,1
0,2018-02-22,17.5,16.5,0,0,0,8373,yum,n/a,weather,0,1
0,2018-02-23,24.5,20.5,0,0,0,13838,yum,n/a,weather,0,1
0,2018-02-24,35.5,28,0,0,0,19708,yum,n/a,weather,0,1
0,2018-02-25,0,0,0,0,0,0,yum,n/a,weather,0,1
0,2018-02-26,0,0,0,0,0,0,yum,n/a,weather,0,1
0,2018-02-27,18,16,0,0,0,10780,yum,n/a,weather,0,1
0,2018-02-28,14.5,12,0,0,0,0,yum,n/a,weather,0,1
0,2018-03-01,17,16,0,0,0,10151,yum,n/a,weather,0,1
0,2018-03-02,25,25,0,0,0,15118,yum,n/a,weather,0,1
0,2018-03-03,34,26.75,0,0,0,18319,yum,n/a,weather,0,1
0,2018-03-04,0,0,0,0,0,0,yum,n/a,weather,0,1
0,2018-03-05,0,0,0,0,0,0,yum,n/a,weather,0,1
0,2018-03-06,12,13.5,0,0,0,9418,yum,n/a,weather,0,1
0,2018-03-07,19,18,0,0,0,11990,yum,n/a,weather,0,1
0,2018-03-08,16.5,17,0,0,0,10471,yum,n/a,weather,0,1
0,2018-03-09,26,21,0,0,0,14677,yum,n/a,weather,0,1
0,2018-03-10,33.5,28,0,0,0,20200,yum,n/a,weather,0,1
0,2018-03-11,0,0,0,0,0,0,yum,n/a,weather,0,1
0,2018-03-12,0,0,0,0,0,0,yum,n/a,weather,0,1
0,2018-03-13,12.5,12,0,0,0,7983,yum,n/a,weather,0,1
0,2018-03-14,17.5,19.5,0,0,0,12258,yum,n/a,weather,0,1
0,2018-03-15,16,14,0,0,0,9397,yum,n/a,weather,0,1
0,2018-03-16,25.5,29.5,0,0,0,15495,yum,n/a,weather,0,1
0,2018-03-17,34,24,0,0,0,18973,yum,n/a,weather,0,1
0,2018-03-18,0,0,0,0,0,0,yum,n/a,weather,0,1
0,2018-03-19,0,0,0,0,0,0,yum,n/a,weather,0,1
0,2018-03-20,12.5,15.5,0,0,0,9568,yum,n/a,weather,0,1
0,2018-03-21,14.5,16,0,0,0,9876,yum,n/a,weather,0,1
0,2018-03-22,15,19,0,0,0,10654,yum,n/a,weather,0,1
0,2018-03-23,26.5,30,0,0,0,17365,yum,n/a,weather,0,1
0,2018-03-24,32,23.5,0,0,0,18777,yum,n/a,weather,0,1
0,2018-03-25,0,0,0,0,0,0,yum,n/a,weather,0,1
0,2018-03-26,0,0,0,0,0,0,yum,n/a,weather,0,1
0,2018-03-27,16,17.5,0,0,0,11163,yum,n/a,weather,0,1
0,2018-03-28,15,18,0,0,0,11153,yum,n/a,weather,0,1
0,2018-03-29,18,21,0,0,0,12997,yum,n/a,weather,0,1
0,2018-03-30,28,23.5,0,0,0,16273,yum,n/a,weather,0,1
0,2018-03-31,35.5,26,0,0,0,20943,yum,n/a,weather,0,1
0,2018-04-01,0,0,0,0,0,0,yum,n/a,weather,0,1
0,2018-04-02,0,0,0,0,0,0,yum,n/a,weather,0,1
0,2018-04-03,16,14,0,0,0,10167,yum,n/a,weather,0,1
0,2018-04-04,18.5,16,0,0,0,11478,yum,n/a,weather,0,1
0,2018-04-05,18,14,0,0,0,10596,yum,n/a,weather,0,1
0,2018-04-06,18.5,18.5,0,0,0,11752,yum,n/a,weather,0,1
0,2018-04-07,31,25,0,0,0,17323,yum,n/a,weather,0,1
0,2018-04-08,0,0,0,0,0,0,yum,n/a,weather,0,1
0,2018-04-09,0,0,0,0,0,0,yum,n/a,weather,0,1
0,2018-04-10,15.5,13.5,0,0,0,8630,yum,n/a,weather,0,1
0,2018-04-11,14,13.5,0,0,0,9482,yum,n/a,weather,0,1
0,2018-04-12,21,19.5,0,0,0,13575,yum,n/a,weather,0,1
0,2018-04-13,28.5,27.5,0,0,0,17330,yum,n/a,weather,0,1
0,2018-04-14,33,25,0,0,0,19309,yum,n/a,weather,0,1
0,2018-04-15,0,0,0,0,0,0,yum,n/a,weather,0,1
0,2018-04-16,0,0,0,0,0,0,yum,n/a,weather,0,1
0,2018-04-17,15.5,16.5,0,0,0,10019,yum,n/a,weather,0,1
0,2018-04-18,17,15.5,0,0,0,10111,yum,n/a,weather,0,1
0,2018-04-19,16.5,17.5,0,0,0,10477,yum,n/a,weather,0,1
0,2018-04-20,26,25,0,0,0,16866,yum,n/a,weather,0,1
0,2018-04-21,34.25,28.5,0,0,0,20868,yum,n/a,weather,0,1
0,2018-04-22,0,0,0,0,0,0,yum,n/a,weather,0,1
0,2018-04-23,0,0,0,0,0,0,yum,n/a,weather,0,1
0,2018-04-24,16.5,18,0,0,0,10133,yum,n/a,weather,0,1
0,2018-04-25,17.5,15.5,0,0,0,10876,yum,n/a,weather,0,1
0,2018-04-26,17,16,0,0,0,10517,yum,n/a,weather,0,1
0,2018-04-27,25,26,0,0,0,16418,yum,n/a,weather,0,1
0,2018-04-28,33,29,0,0,0,20264,yum,n/a,weather,0,1
0,2018-04-29,0,0,0,0,0,0,yum,n/a,weather,0,1
0,2018-04-30,0,0,0,0,0,0,yum,n/a,weather,0,1
0,2018-05-01,0,0,0,0,0,0,yum,n/a,weather,0,1
0,2018-05-02,19,17,0,0,0,11943,yum,n/a,weather,0,1
0,2018-05-03,16,18.5,0,0,0,12107,yum,n/a,weather,0,1
0,2018-05-04,22.5,24,0,0,0,15164,yum,n/a,weather,0,1
0,2018-05-05,45,31.5,0,0,0,25092,yum,n/a,weather,0,1
0,2018-05-06,0,0,0,0,0,0,yum,n/a,weather,0,1
0,2018-05-07,0,0,0,0,0,0,yum,n/a,weather,0,1
0,2018-05-08,16.5,19.5,0,0,0,12121,yum,n/a,weather,0,1
0,2018-05-09,18.5,17,0,0,0,11775,yum,n/a,weather,0,1
0,2018-05-10,17,17.5,0,0,0,11687,yum,n/a,weather,0,1
0,2018-05-11,30.5,27.5,0,0,0,19400,yum,n/a,weather,0,1
0,2018-05-12,40.5,29.25,0,0,0,23756,yum,n/a,weather,0,1
0,2018-05-13,0,0,0,0,0,0,yum,n/a,weather,0,1
0,2018-05-14,0,0,0,0,0,0,yum,n/a,weather,0,1
0,2018-05-15,18.5,13,0,0,0,9903,yum,n/a,weather,0,1
0,2018-05-16,19,19,0,0,0,13936,yum,n/a,weather,0,1
0,2018-05-17,22,21.25,0,0,0,13790,yum,n/a,weather,0,1
0,2018-05-18,26,25,0,0,0,16460,yum,n/a,weather,0,1
0,2018-05-19,27.5,24,0,0,0,15892,yum,n/a,weather,0,1
0,2018-05-20,0,0,0,0,0,0,yum,n/a,weather,0,1
0,2018-05-21,0,0,0,0,0,0,yum,n/a,weather,0,1
0,2018-05-22,20,18,0,0,0,10998,yum,n/a,weather,0,1
0,2018-05-23,16,17.75,0,0,0,11572,yum,n/a,weather,0,1
0,2018-05-24,19.5,14,0,0,0,11243,yum,n/a,weather,0,1
0,2018-05-25,25,22,0,0,0,14566,yum,n/a,weather,0,1
0,2018-05-26,34.5,30,0,0,0,20726,yum,n/a,weather,0,1
0,2018-05-27,0,0,0,0,0,0,yum,n/a,weather,0,1
0,2018-05-28,0,0,0,0,0,0,yum,n/a,weather,0,1
0,2018-05-29,15.5,16.5,0,0,0,10691,yum,n/a,weather,0,1
0,2018-05-30,15.5,19.5,0,0,0,11453,yum,n/a,weather,0,1
0,2018-05-31,20,16.5,0,0,0,0,yum,n/a,weather,0,1
0,2018-06-01,24.5,27,0,0,0,14807,yum,n/a,weather,0,1
0,2018-06-02,35,22,0,0,0,19463,yum,n/a,weather,0,1
0,2018-06-03,0,0,0,0,0,0,yum,n/a,weather,0,1
0,2018-06-04,0,0,0,0,0,0,yum,n/a,weather,0,1
0,2018-06-05,17,18.5,0,0,0,12181,yum,n/a,weather,0,1
0,2018-06-06,19,16,0,0,0,11592,yum,n/a,weather,0,1
0,2018-06-07,17,18,0,0,0,12309,yum,n/a,weather,0,1
0,2018-06-08,29.5,29.5,0,0,0,16856,yum,n/a,weather,0,1
0,2018-06-09,34,22,0,0,0,19160,yum,n/a,weather,0,1
0,2018-06-10,0,0,0,0,0,0,yum,n/a,weather,0,1
0,2018-06-11,0,0,0,0,0,0,yum,n/a,weather,0,1
0,2018-06-12,14,12.5,0,0,0,10070,yum,n/a,weather,0,1
0,2018-06-13,15.5,16.5,0,0,0,11226,yum,n/a,weather,0,1
0,2018-06-14,22.5,22,0,0,0,13744,yum,n/a,weather,0,1
0,2018-06-15,25.5,24.5,0,0,0,15239,yum,n/a,weather,0,1
0,2018-06-16,30,20,0,0,0,17262,yum,n/a,weather,0,1
0,2018-06-17,0,0,0,0,0,0,yum,n/a,weather,0,1
0,2018-06-18,0,0,0,0,0,0,yum,n/a,weather,0,1
0,2018-06-19,20,15.5,0,0,0,11541,yum,n/a,weather,0,1
0,2018-06-20,19,18,0,0,0,12936,yum,n/a,weather,0,1
0,2018-06-21,18,16,0,0,0,11978,yum,n/a,weather,0,1
0,2018-06-22,27.5,27.5,0,0,0,18132,yum,n/a,weather,0,1
0,2018-06-23,28.5,20,0,0,0,17124,yum,n/a,weather,0,1
0,2018-06-24,0,0,0,0,0,0,yum,n/a,weather,0,1
0,2018-06-25,0,0,0,0,0,0,yum,n/a,weather,0,1
0,2018-06-26,17,16.5,0,0,0,11966,yum,n/a,weather,0,1
0,2018-06-27,16.5,14.5,0,0,0,11334,yum,n/a,weather,0,1
0,2018-06-28,21,19,0,0,0,12884,yum,n/a,weather,0,1
0,2018-06-29,22,22,0,0,0,15792,yum,n/a,weather,0,1
0,2018-06-30,32.5,24,0,0,0,16492,yum,n/a,weather,0,1
0,2018-07-01,0,0,0,0,0,0,yum,n/a,weather,0,1
0,2018-07-02,0,0,0,0,0,0,yum,n/a,weather,0,1
0,2018-07-03,20,21,0,0,0,13289,yum,n/a,weather,0,1
0,2018-07-04,0,0,0,0,0,0,yum,n/a,weather,0,1
0,2018-07-05,22,18.5,0,0,0,13126,yum,n/a,weather,0,1
0,2018-07-06,23,21,0,0,0,14407,yum,n/a,weather,0,1
0,2018-07-07,27,30,0,0,0,18053,yum,n/a,weather,0,1
0,2018-07-08,0,0,0,0,0,0,yum,n/a,weather,0,1
0,2018-07-09,0,0,0,0,0,0,yum,n/a,weather,0,1
0,2018-07-10,16,18.5,0,0,0,11779,yum,n/a,weather,0,1
0,2018-07-11,16,18,0,0,0,10778,yum,n/a,weather,0,1
0,2018-07-12,16,17,0,0,0,12778,yum,n/a,weather,0,1
0,2018-07-13,32,33.5,0,0,0,22161,yum,n/a,weather,0,1
0,2018-07-14,29.5,20.5,0,0,0,16749,yum,n/a,weather,0,1
0,2018-07-15,0,0,0,0,0,0,yum,n/a,weather,0,1
0,2018-07-16,0,0,0,0,0,0,yum,n/a,weather,0,1
0,2018-07-17,17,18,0,0,0,11686,yum,n/a,weather,0,1
0,2018-07-18,15.5,16.5,0,0,0,11273,yum,n/a,weather,0,1
0,2018-07-19,21,21.5,0,0,0,14163,yum,n/a,weather,0,1
0,2018-07-20,27,18,0,0,0,13697,yum,n/a,weather,0,1
0,2018-07-21,34,28,0,0,0,18608,yum,n/a,weather,0,1
0,2018-07-22,0,0,0,0,0,0,yum,n/a,weather,0,1
0,2018-07-23,0,0,0,0,0,0,yum,n/a,weather,0,1
0,2018-07-24,17.5,18,0,0,0,11674,yum,n/a,weather,0,1
0,2018-07-25,19,17,0,0,0,12230,yum,n/a,weather,0,1
0,2018-07-26,17.5,16.5,0,0,0,11979,yum,n/a,weather,0,1
0,2018-07-27,26,28,0,0,0,17270,yum,n/a,weather,0,1
0,2018-07-28,34,25.5,0,0,0,20136,yum,n/a,weather,0,1
0,2018-07-29,0,0,0,0,0,0,yum,n/a,weather,0,1
0,2018-07-30,0,0,0,0,0,0,yum,n/a,weather,0,1
0,2018-07-31,17.5,19.5,0,0,0,12721,yum,n/a,weather,0,1
0,2018-08-01,18.5,16,0,0,0,11857,yum,n/a,weather,0,1
0,2018-08-02,23,24.5,0,0,0,15516,yum,n/a,weather,0,1
0,2018-08-03,27,19,0,0,0,16210,yum,n/a,weather,0,1
0,2018-08-04,41,31,0,0,0,22453,yum,n/a,weather,0,1
0,2018-08-05,0,0,0,0,0,0,yum,n/a,weather,0,1
0,2018-08-06,0,0,0,0,0,0,yum,n/a,weather,0,1
0,2018-08-07,0,0,0,0,0,0,yum,n/a,weather,0,1
0,2018-08-08,0,0,0,0,0,0,yum,n/a,weather,0,1
0,2018-08-09,0,0,0,0,0,0,yum,n/a,weather,0,1
0,2018-08-10,0,0,0,0,0,0,yum,n/a,weather,0,1
0,2018-08-11,0,0,0,0,0,0,yum,n/a,weather,0,1
0,2018-08-12,0,0,0,0,0,0,yum,n/a,weather,0,1
0,2018-08-13,0,0,0,0,0,0,yum,n/a,weather,0,1
0,2018-08-14,20.5,18,0,0,0,13684,yum,n/a,weather,0,1
0,2018-08-15,22.5,22,0,0,0,14862,yum,n/a,weather,0,1
0,2018-08-16,17,18,0,0,0,12797,yum,n/a,weather,0,1
0,2018-08-17,31,29,0,0,0,17630,yum,n/a,weather,0,1
0,2018-08-18,38,27,0,0,0,21431,yum,n/a,weather,0,1
0,2018-08-19,0,0,0,0,0,0,yum,n/a,weather,0,1
0,2018-08-20,0,0,0,0,0,0,yum,n/a,weather,0,1
0,2018-08-21,23,18.5,0,0,0,13220,yum,n/a,weather,0,1
0,2018-08-22,16,15,0,0,0,10668,yum,n/a,weather,0,1
0,2018-08-23,15,21.5,0,0,0,13421,yum,n/a,weather,0,1
0,2018-08-24,25,28,0,0,0,16875,yum,n/a,weather,0,1
0,2018-08-25,38,32,0,0,0,24094,yum,n/a,weather,0,1
0,2018-08-26,0,0,0,0,0,0,yum,n/a,weather,0,1
0,2018-08-27,0,0,0,0,0,0,yum,n/a,weather,0,1
0,2018-08-28,14.5,13.5,0,0,0,10043,yum,n/a,weather,0,1
0,2018-08-29,18.5,18.5,0,0,0,12009,yum,n/a,weather,0,1
0,2018-08-30,14.5,19,0,0,0,11863,yum,n/a,weather,0,1
0,2018-08-31,24.5,25.5,0,0,0,16149,yum,n/a,weather,0,1
0,2018-09-01,36,30,0,0,0,2234,yum,n/a,weather,0,1
0,2018-09-02,0,0,0,0,0,0,yum,n/a,weather,0,1
0,2018-09-03,0,0,0,0,0,0,yum,n/a,weather,0,1
0,2018-09-04,14.5,15.5,0,0,0,9880,yum,n/a,weather,0,1
0,2018-09-05,14.5,14,0,0,0,9558,yum,n/a,weather,0,1
0,2018-09-06,17.5,20.5,0,0,0,12753,yum,n/a,weather,0,1
0,2018-09-07,26,27.5,0,0,0,16887,yum,n/a,weather,0,1
0,2018-09-08,31.5,24.5,0,0,0,1812,yum,n/a,weather,0,1
0,2018-09-09,0,0,0,0,0,0,yum,n/a,weather,0,1
0,2018-09-10,0,0,0,0,0,0,yum,n/a,weather,0,1
0,2018-09-11,15,16,0,0,0,10134,yum,n/a,weather,0,1
0,2018-09-12,15.5,15,0,0,0,10225,yum,n/a,weather,0,1
0,2018-09-13,17.5,16.5,0,0,0,11543,yum,n/a,weather,0,1
0,2018-09-14,30,28,0,0,0,17897,yum,n/a,weather,0,1
0,2018-09-15,36,26.5,0,0,0,21184,yum,n/a,weather,0,1
0,2018-09-16,0,0,0,0,0,0,yum,n/a,weather,0,1
0,2018-09-17,0,0,0,0,0,0,yum,n/a,weather,0,1
0,2018-09-18,16,15,0,0,0,10195,yum,n/a,weather,0,1
0,2018-09-19,17,16,0,0,0,11214,yum,n/a,weather,0,1
0,2018-09-20,13,16,0,0,0,10267,yum,n/a,weather,0,1
0,2018-09-21,25.5,27,0,0,0,16525,yum,n/a,weather,0,1
0,2018-09-22,35,31,0,0,0,21753,yum,n/a,weather,0,1
0,2018-09-23,0,0,0,0,0,0,yum,n/a,weather,0,1
0,2018-09-24,0,0,0,0,0,0,yum,n/a,weather,0,1
0,2018-09-25,15.5,13.5,0,0,0,10049,yum,n/a,weather,0,1
0,2018-09-26,15.5,19.5,0,0,0,11689,yum,n/a,weather,0,1
0,2018-09-27,15,17,0,0,0,10842,yum,n/a,weather,0,1
0,2018-09-28,25.5,25,0,0,0,15531,yum,n/a,weather,0,1
0,2018-09-29,31,24,0,0,0,18949,yum,n/a,weather,0,1
0,2018-09-30,0,0,0,0,0,0,yum,n/a,weather,0,1
0,2018-10-01,0,0,0,0,0,0,yum,n/a,weather,0,1
0,2018-10-02,17,17.5,0,0,0,11490,yum,n/a,weather,0,1
0,2018-10-03,15.5,14,0,0,0,9688,yum,n/a,weather,0,1
0,2018-10-04,12,12,0,0,0,8924,yum,n/a,weather,0,1
0,2018-10-05,23,22,0,0,0,14632,yum,n/a,weather,0,1
0,2018-10-06,21,27,0,0,0,16192,yum,n/a,weather,0,1
0,2018-10-07,0,0,0,0,0,0,yum,n/a,weather,0,1
0,2018-10-08,0,0,0,0,0,0,yum,n/a,weather,0,1
0,2018-10-09,14,15,0,0,0,9686,yum,n/a,weather,0,1
0,2018-10-10,17,15.5,0,0,0,10386,yum,n/a,weather,0,1
0,2018-10-11,18,19,0,0,0,13010,yum,n/a,weather,0,1
0,2018-10-12,25.5,24.5,0,0,0,16893,yum,n/a,weather,0,1
0,2018-10-13,32,27.5,0,0,0,20619,yum,n/a,weather,0,1
0,2018-10-14,0,0,0,0,0,0,yum,n/a,weather,0,1
0,2018-10-15,0,0,0,0,0,0,yum,n/a,weather,0,1
0,2018-10-16,14.5,14.5,0,0,0,10237,yum,n/a,weather,0,1
0,2018-10-17,16,17.5,0,0,0,10975,yum,n/a,weather,0,1
0,2018-10-18,17.5,17,0,0,0,10872,yum,n/a,weather,0,1
0,2018-10-19,29,26.5,0,0,0,18950,yum,n/a,weather,0,1
0,2018-10-20,32,24,0,0,0,19139,yum,n/a,weather,0,1
0,2018-10-21,0,0,0,0,0,0,yum,n/a,weather,0,1
0,2018-10-22,0,0,0,0,0,0,yum,n/a,weather,0,1
0,2018-10-23,15,14,0,0,0,9857,yum,n/a,weather,0,1
0,2018-10-24,13.5,13,0,0,0,9411,yum,n/a,weather,0,1
0,2018-10-25,17,20,0,0,0,12127,yum,n/a,weather,0,1
0,2018-10-26,28,24,0,0,0,16285,yum,n/a,weather,0,1
0,2018-10-27,39,31,0,0,0,22466,yum,n/a,weather,0,1
0,2018-10-28,0,0,0,0,0,0,yum,n/a,weather,0,1
0,2018-10-29,0,0,0,0,0,0,yum,n/a,weather,0,1
0,2018-10-30,16,16,0,0,0,10496,yum,n/a,weather,0,1
0,2018-10-31,27.75,20.5,0,0,0,14006,yum,Halloween,weather,0,1
0,2018-11-01,17.5,17,0,0,0,10882,yum,n/a,weather,0,1
0,2018-11-02,26.5,25.5,0,0,0,16754,yum,n/a,weather,0,1
0,2018-11-03,30,23.5,0,0,0,18775,yum,n/a,weather,0,1
0,2018-11-04,0,0,0,0,0,0,yum,n/a,weather,0,1
0,2018-11-05,0,0,0,0,0,0,yum,n/a,weather,0,1
0,2018-11-06,19,18,0,0,0,11697,yum,n/a,weather,0,1
0,2018-11-07,16.5,14.5,0,0,0,10352,yum,n/a,weather,0,1
0,2018-11-08,17,15.5,0,0,0,10978,yum,n/a,weather,0,1
0,2018-11-09,23,22,0,0,0,14104,yum,n/a,weather,0,1
0,2018-11-10,29.5,19.5,0,0,0,16375,yum,n/a,weather,0,1
0,2018-11-11,0,0,0,0,0,0,yum,n/a,weather,0,1
0,2018-11-12,0,0,0,0,0,0,yum,n/a,weather,0,1
0,2018-11-13,16.5,14.5,0,0,0,10408,yum,n/a,weather,0,1
0,2018-11-14,13.5,15.5,0,0,0,9759,yum,n/a,weather,0,1
0,2018-11-15,19,17.5,0,0,0,10386,yum,n/a,weather,0,1
0,2018-11-16,22.75,15,0,0,0,11238,yum,n/a,weather,0,1
0,2018-11-17,38,0,0,0,0,9068,yum,n/a,weather,0,1
0,2018-11-18,0,0,0,0,0,0,yum,n/a,weather,0,1
0,2018-11-19,0,0,0,0,0,0,yum,n/a,weather,0,1
0,2018-11-20,20.5,15.5,0,0,0,11918,yum,n/a,weather,0,1
0,2018-11-21,103,0,0,0,0,25460,yum,n/a,weather,0,1
0,2018-11-22,0,0,0,0,0,0,yum,n/a,weather,0,1
0,2018-11-23,0,0,0,0,0,0,yum,n/a,weather,0,1
0,2018-11-24,0,0,0,0,0,0,yum,n/a,weather,0,1
0,2018-11-25,0,0,0,0,0,0,yum,n/a,weather,0,1
0,2018-11-26,0,0,0,0,0,0,yum,n/a,weather,0,1
0,2018-11-27,16.5,11,0,0,0,8850,yum,n/a,weather,0,1
0,2018-11-28,15.5,15.5,0,0,0,10071,yum,n/a,weather,0,1
0,2018-11-29,14.5,12.5,0,0,0,8338,yum,n/a,weather,0,1
0,2018-11-30,21.5,20.5,0,0,0,12841,yum,n/a,weather,0,1
0,2018-12-01,31,27,0,0,0,18078,yum,n/a,weather,0,1
0,2018-12-02,0,0,0,0,0,0,yum,n/a,weather,0,1
0,2018-12-03,0,0,0,0,0,0,yum,n/a,weather,0,1
0,2018-12-04,14,11,0,0,0,8996,yum,n/a,weather,0,1
0,2018-12-05,16,13.5,0,0,0,9210,yum,n/a,weather,0,1
0,2018-12-06,16,16.5,0,0,0,10083,yum,n/a,weather,0,1
0,2018-12-07,21.5,18,0,0,0,12592,yum,n/a,weather,0,1
0,2018-12-08,34.5,21.5,0,0,0,18329,yum,n/a,weather,0,1
0,2018-12-09,0,0,0,0,0,0,yum,n/a,weather,0,1
0,2018-12-10,0,0,0,0,0,0,yum,n/a,weather,0,1
0,2018-12-11,16.5,14.5,0,0,0,9948,yum,n/a,weather,0,1
0,2018-12-12,20,14,0,0,0,11520,yum,n/a,weather,0,1
0,2018-12-13,17,17,0,0,0,9478,yum,n/a,weather,0,1
0,2018-12-14,27,23,0,0,0,15062,yum,n/a,weather,0,1
0,2018-12-15,37.5,24,0,0,0,0,yum,n/a,weather,0,1
0,2018-12-16,0,0,0,0,0,0,yum,n/a,weather,0,1
0,2018-12-17,0,0,0,0,0,0,yum,n/a,weather,0,1
0,2018-12-18,17.5,12.5,0,0,0,9704,yum,n/a,weather,0,1
0,2018-12-19,18,12.5,0,0,0,9911,yum,n/a,weather,0,1
0,2018-12-20,24.5,17,0,0,0,12494,yum,n/a,weather,0,1
0,2018-12-21,27.5,18,0,0,0,12346,yum,n/a,weather,0,1
0,2018-12-22,41,20,0,0,0,13610,yum,n/a,weather,0,1
0,2018-12-23,0,0,0,0,0,0,yum,n/a,weather,0,1
0,2018-12-24,0,0,0,0,0,0,yum,Christmas Eve,weather,0,1
0,2018-12-25,0,0,0,0,0,0,yum,christmas,weather,0,1
0,2018-12-26,0,0,0,0,0,0,yum,n/a,weather,0,1
0,2018-12-27,25,21,0,0,0,14746,yum,n/a,weather,0,1
0,2018-12-28,35.5,23,0,0,0,18477,yum,n/a,weather,0,1
0,2018-12-29,38.5,24.5,0,0,0,19926,yum,n/a,weather,0,1
0,2018-12-30,0,0,0,0,0,0,yum,n/a,weather,0,1
0,2018-12-31,35,0,0,0,0,8468,yum,NYE,weather,0,1